"","study_id","dataset_id","study_label","sample_group","tissue_id","tissue_label","condition_label","sample_size","quant_method"
"1","QTS000001","QTD000001","Alasoo_2018","macrophage_naive","CL_0000235","macrophage","naive","84","ge"
"2","QTS000001","QTD000002","Alasoo_2018","macrophage_naive","CL_0000235","macrophage","naive","84","exon"
"3","QTS000001","QTD000003","Alasoo_2018","macrophage_naive","CL_0000235","macrophage","naive","84","tx"
"4","QTS000001","QTD000004","Alasoo_2018","macrophage_naive","CL_0000235","macrophage","naive","84","txrev"
"5","QTS000001","QTD000005","Alasoo_2018","macrophage_naive","CL_0000235","macrophage","naive","84","leafcutter"
"6","QTS000001","QTD000006","Alasoo_2018","macrophage_IFNg","CL_0000235","macrophage","IFNg_18h","84","ge"
"7","QTS000001","QTD000007","Alasoo_2018","macrophage_IFNg","CL_0000235","macrophage","IFNg_18h","84","exon"
"8","QTS000001","QTD000008","Alasoo_2018","macrophage_IFNg","CL_0000235","macrophage","IFNg_18h","84","tx"
"9","QTS000001","QTD000009","Alasoo_2018","macrophage_IFNg","CL_0000235","macrophage","IFNg_18h","84","txrev"
"10","QTS000001","QTD000010","Alasoo_2018","macrophage_IFNg","CL_0000235","macrophage","IFNg_18h","84","leafcutter"
"11","QTS000001","QTD000011","Alasoo_2018","macrophage_Salmonella","CL_0000235","macrophage","Salmonella_5h","84","ge"
"12","QTS000001","QTD000012","Alasoo_2018","macrophage_Salmonella","CL_0000235","macrophage","Salmonella_5h","84","exon"
"13","QTS000001","QTD000013","Alasoo_2018","macrophage_Salmonella","CL_0000235","macrophage","Salmonella_5h","84","tx"
"14","QTS000001","QTD000014","Alasoo_2018","macrophage_Salmonella","CL_0000235","macrophage","Salmonella_5h","84","txrev"
"15","QTS000001","QTD000015","Alasoo_2018","macrophage_Salmonella","CL_0000235","macrophage","Salmonella_5h","84","leafcutter"
"16","QTS000001","QTD000016","Alasoo_2018","macrophage_IFNg+Salmonella","CL_0000235","macrophage","IFNg_18h+Salmonella_5h","84","ge"
"17","QTS000001","QTD000017","Alasoo_2018","macrophage_IFNg+Salmonella","CL_0000235","macrophage","IFNg_18h+Salmonella_5h","84","exon"
"18","QTS000001","QTD000018","Alasoo_2018","macrophage_IFNg+Salmonella","CL_0000235","macrophage","IFNg_18h+Salmonella_5h","84","tx"
"19","QTS000001","QTD000019","Alasoo_2018","macrophage_IFNg+Salmonella","CL_0000235","macrophage","IFNg_18h+Salmonella_5h","84","txrev"
"20","QTS000001","QTD000020","Alasoo_2018","macrophage_IFNg+Salmonella","CL_0000235","macrophage","IFNg_18h+Salmonella_5h","84","leafcutter"
"21","QTS000002","QTD000021","BLUEPRINT","monocyte","CL_0002057","monocyte","naive","191","ge"
"22","QTS000002","QTD000022","BLUEPRINT","monocyte","CL_0002057","monocyte","naive","191","exon"
"23","QTS000002","QTD000023","BLUEPRINT","monocyte","CL_0002057","monocyte","naive","191","tx"
"24","QTS000002","QTD000024","BLUEPRINT","monocyte","CL_0002057","monocyte","naive","191","txrev"
"25","QTS000002","QTD000025","BLUEPRINT","monocyte","CL_0002057","monocyte","naive","191","leafcutter"
"26","QTS000002","QTD000026","BLUEPRINT","neutrophil","CL_0000775","neutrophil","naive","196","ge"
"27","QTS000002","QTD000027","BLUEPRINT","neutrophil","CL_0000775","neutrophil","naive","196","exon"
"28","QTS000002","QTD000028","BLUEPRINT","neutrophil","CL_0000775","neutrophil","naive","196","tx"
"29","QTS000002","QTD000029","BLUEPRINT","neutrophil","CL_0000775","neutrophil","naive","196","txrev"
"30","QTS000002","QTD000030","BLUEPRINT","neutrophil","CL_0000775","neutrophil","naive","196","leafcutter"
"31","QTS000002","QTD000031","BLUEPRINT","T-cell","CL_0000624","CD4+ T cell","naive","167","ge"
"32","QTS000002","QTD000032","BLUEPRINT","T-cell","CL_0000624","CD4+ T cell","naive","167","exon"
"33","QTS000002","QTD000033","BLUEPRINT","T-cell","CL_0000624","CD4+ T cell","naive","167","tx"
"34","QTS000002","QTD000034","BLUEPRINT","T-cell","CL_0000624","CD4+ T cell","naive","167","txrev"
"35","QTS000002","QTD000035","BLUEPRINT","T-cell","CL_0000624","CD4+ T cell","naive","167","leafcutter"
"36","QTS000003","QTD000036","Bossini-Castillo_2019","Treg_naive","CL_0002677","Treg memory","naive","119","ge"
"37","QTS000003","QTD000037","Bossini-Castillo_2019","Treg_naive","CL_0002677","Treg memory","naive","119","exon"
"38","QTS000003","QTD000038","Bossini-Castillo_2019","Treg_naive","CL_0002677","Treg memory","naive","119","tx"
"39","QTS000003","QTD000039","Bossini-Castillo_2019","Treg_naive","CL_0002677","Treg memory","naive","119","txrev"
"40","QTS000003","QTD000040","Bossini-Castillo_2019","Treg_naive","CL_0002677","Treg memory","naive","119","leafcutter"
"41","QTS000004","QTD000041","Braineac2","putamen","UBERON_0001874","brain (putamen)","naive","102","ge"
"42","QTS000004","QTD000042","Braineac2","putamen","UBERON_0001874","brain (putamen)","naive","102","exon"
"43","QTS000004","QTD000043","Braineac2","putamen","UBERON_0001874","brain (putamen)","naive","102","tx"
"44","QTS000004","QTD000044","Braineac2","putamen","UBERON_0001874","brain (putamen)","naive","102","txrev"
"45","QTS000004","QTD000045","Braineac2","putamen","UBERON_0001874","brain (putamen)","naive","102","leafcutter"
"46","QTS000004","QTD000046","Braineac2","substantia_nigra","UBERON_0002038","brain (substantia nigra)","naive","65","ge"
"47","QTS000004","QTD000047","Braineac2","substantia_nigra","UBERON_0002038","brain (substantia nigra)","naive","65","exon"
"48","QTS000004","QTD000048","Braineac2","substantia_nigra","UBERON_0002038","brain (substantia nigra)","naive","65","tx"
"49","QTS000004","QTD000049","Braineac2","substantia_nigra","UBERON_0002038","brain (substantia nigra)","naive","65","txrev"
"50","QTS000004","QTD000050","Braineac2","substantia_nigra","UBERON_0002038","brain (substantia nigra)","naive","65","leafcutter"
"51","QTS000005","QTD000051","BrainSeq","brain","UBERON_0009834","brain (DLPFC)","naive","479","ge"
"52","QTS000005","QTD000052","BrainSeq","brain","UBERON_0009834","brain (DLPFC)","naive","479","exon"
"53","QTS000005","QTD000053","BrainSeq","brain","UBERON_0009834","brain (DLPFC)","naive","479","tx"
"54","QTS000005","QTD000054","BrainSeq","brain","UBERON_0009834","brain (DLPFC)","naive","479","txrev"
"55","QTS000005","QTD000055","BrainSeq","brain","UBERON_0009834","brain (DLPFC)","naive","479","leafcutter"
"56","QTS000006","QTD000056","CAP","LCL_naive","EFO_0005292","LCL","naive","148","ge"
"57","QTS000006","QTD000057","CAP","LCL_naive","EFO_0005292","LCL","naive","148","exon"
"58","QTS000006","QTD000058","CAP","LCL_naive","EFO_0005292","LCL","naive","148","tx"
"59","QTS000006","QTD000059","CAP","LCL_naive","EFO_0005292","LCL","naive","148","txrev"
"60","QTS000006","QTD000060","CAP","LCL_naive","EFO_0005292","LCL","naive","148","leafcutter"
"61","QTS000006","QTD000061","CAP","LCL_statin","EFO_0005292","LCL","statin","148","ge"
"62","QTS000006","QTD000062","CAP","LCL_statin","EFO_0005292","LCL","statin","148","exon"
"63","QTS000006","QTD000063","CAP","LCL_statin","EFO_0005292","LCL","statin","148","tx"
"64","QTS000006","QTD000064","CAP","LCL_statin","EFO_0005292","LCL","statin","148","txrev"
"65","QTS000006","QTD000065","CAP","LCL_statin","EFO_0005292","LCL","statin","148","leafcutter"
"66","QTS000007","QTD000066","CEDAR","T-cell_CD8","CL_0000625","CD8+ T cell","naive","277","microarray"
"67","QTS000007","QTD000067","CEDAR","T-cell_CD4","CL_0000624","CD4+ T cell","naive","290","microarray"
"68","QTS000007","QTD000068","CEDAR","transverse_colon","UBERON_0001157","transverse colon","naive","286","microarray"
"69","QTS000007","QTD000069","CEDAR","monocyte_CD14","CL_0002057","monocyte","naive","286","microarray"
"70","QTS000007","QTD000070","CEDAR","neutrophil_CD15","CL_0000775","neutrophil","naive","280","microarray"
"71","QTS000007","QTD000071","CEDAR","platelet","CL_0000233","platelet","naive","205","microarray"
"72","QTS000007","QTD000072","CEDAR","rectum","UBERON_0001052","rectum","naive","271","microarray"
"73","QTS000007","QTD000073","CEDAR","B-cell_CD19","CL_0000236","B cell","naive","262","microarray"
"74","QTS000007","QTD000074","CEDAR","ileum","UBERON_0002116","ileum","naive","180","microarray"
"75","QTS000008","QTD000075","CommonMind","DLPFC_naive","UBERON_0009834","brain (DLPFC)","naive","586","ge"
"76","QTS000008","QTD000076","CommonMind","DLPFC_naive","UBERON_0009834","brain (DLPFC)","naive","586","exon"
"77","QTS000008","QTD000077","CommonMind","DLPFC_naive","UBERON_0009834","brain (DLPFC)","naive","586","tx"
"78","QTS000008","QTD000078","CommonMind","DLPFC_naive","UBERON_0009834","brain (DLPFC)","naive","586","txrev"
"79","QTS000008","QTD000079","CommonMind","DLPFC_naive","UBERON_0009834","brain (DLPFC)","naive","586","leafcutter"
"80","QTS000009","QTD000080","Fairfax_2012","B-cell_CD19","CL_0000236","B cell","naive","281","microarray"
"81","QTS000010","QTD000081","Fairfax_2014","monocyte_naive","CL_0002057","monocyte","naive","420","microarray"
"82","QTS000010","QTD000082","Fairfax_2014","monocyte_IFN24","CL_0002057","monocyte","IFNg_24h","370","microarray"
"83","QTS000010","QTD000083","Fairfax_2014","monocyte_LPS2","CL_0002057","monocyte","LPS_2h","256","microarray"
"84","QTS000010","QTD000084","Fairfax_2014","monocyte_LPS24","CL_0002057","monocyte","LPS_24h","325","microarray"
"85","QTS000011","QTD000085","FUSION","muscle_naive","UBERON_0001134","muscle","naive","288","ge"
"86","QTS000011","QTD000086","FUSION","muscle_naive","UBERON_0001134","muscle","naive","288","exon"
"87","QTS000011","QTD000087","FUSION","muscle_naive","UBERON_0001134","muscle","naive","288","tx"
"88","QTS000011","QTD000088","FUSION","muscle_naive","UBERON_0001134","muscle","naive","288","txrev"
"89","QTS000011","QTD000089","FUSION","muscle_naive","UBERON_0001134","muscle","naive","288","leafcutter"
"90","QTS000011","QTD000090","FUSION","adipose_naive","UBERON_0001013","adipose","naive","271","ge"
"91","QTS000011","QTD000091","FUSION","adipose_naive","UBERON_0001013","adipose","naive","271","exon"
"92","QTS000011","QTD000092","FUSION","adipose_naive","UBERON_0001013","adipose","naive","271","tx"
"93","QTS000011","QTD000093","FUSION","adipose_naive","UBERON_0001013","adipose","naive","271","txrev"
"94","QTS000011","QTD000094","FUSION","adipose_naive","UBERON_0001013","adipose","naive","271","leafcutter"
"95","QTS000012","QTD000095","GENCORD","LCL","EFO_0005292","LCL","naive","190","ge"
"96","QTS000012","QTD000096","GENCORD","LCL","EFO_0005292","LCL","naive","190","exon"
"97","QTS000012","QTD000097","GENCORD","LCL","EFO_0005292","LCL","naive","190","tx"
"98","QTS000012","QTD000098","GENCORD","LCL","EFO_0005292","LCL","naive","190","txrev"
"99","QTS000012","QTD000099","GENCORD","LCL","EFO_0005292","LCL","naive","190","leafcutter"
"100","QTS000012","QTD000100","GENCORD","fibroblast","CL_0000057","fibroblast","naive","186","ge"
"101","QTS000012","QTD000101","GENCORD","fibroblast","CL_0000057","fibroblast","naive","186","exon"
"102","QTS000012","QTD000102","GENCORD","fibroblast","CL_0000057","fibroblast","naive","186","tx"
"103","QTS000012","QTD000103","GENCORD","fibroblast","CL_0000057","fibroblast","naive","186","txrev"
"104","QTS000012","QTD000104","GENCORD","fibroblast","CL_0000057","fibroblast","naive","186","leafcutter"
"105","QTS000012","QTD000105","GENCORD","T-cell","CL_0000084","T cell","naive","184","ge"
"106","QTS000012","QTD000106","GENCORD","T-cell","CL_0000084","T cell","naive","184","exon"
"107","QTS000012","QTD000107","GENCORD","T-cell","CL_0000084","T cell","naive","184","tx"
"108","QTS000012","QTD000108","GENCORD","T-cell","CL_0000084","T cell","naive","184","txrev"
"109","QTS000012","QTD000109","GENCORD","T-cell","CL_0000084","T cell","naive","184","leafcutter"
"110","QTS000013","QTD000110","GEUVADIS","LCL","EFO_0005292","LCL","naive","445","ge"
"111","QTS000013","QTD000111","GEUVADIS","LCL","EFO_0005292","LCL","naive","445","exon"
"112","QTS000013","QTD000112","GEUVADIS","LCL","EFO_0005292","LCL","naive","445","tx"
"113","QTS000013","QTD000113","GEUVADIS","LCL","EFO_0005292","LCL","naive","445","txrev"
"114","QTS000013","QTD000114","GEUVADIS","LCL","EFO_0005292","LCL","naive","445","leafcutter"
"115","QTS000014","QTD000115","Gilchrist_2021","NK-cell_naive","CL_0000623","NK cell","naive","247","microarray"
"116","QTS000015","QTD000116","GTEx","adipose_subcutaneous","UBERON_0001013","adipose","naive","581","ge"
"117","QTS000015","QTD000117","GTEx","adipose_subcutaneous","UBERON_0001013","adipose","naive","581","exon"
"118","QTS000015","QTD000118","GTEx","adipose_subcutaneous","UBERON_0001013","adipose","naive","581","tx"
"119","QTS000015","QTD000119","GTEx","adipose_subcutaneous","UBERON_0001013","adipose","naive","581","txrev"
"120","QTS000015","QTD000120","GTEx","adipose_subcutaneous","UBERON_0001013","adipose","naive","581","leafcutter"
"121","QTS000015","QTD000121","GTEx","adipose_visceral","UBERON_0010414","adipose (visceral)","naive","469","ge"
"122","QTS000015","QTD000122","GTEx","adipose_visceral","UBERON_0010414","adipose (visceral)","naive","469","exon"
"123","QTS000015","QTD000123","GTEx","adipose_visceral","UBERON_0010414","adipose (visceral)","naive","469","tx"
"124","QTS000015","QTD000124","GTEx","adipose_visceral","UBERON_0010414","adipose (visceral)","naive","469","txrev"
"125","QTS000015","QTD000125","GTEx","adipose_visceral","UBERON_0010414","adipose (visceral)","naive","469","leafcutter"
"126","QTS000015","QTD000126","GTEx","adrenal_gland","UBERON_0002369","adrenal gland","naive","233","ge"
"127","QTS000015","QTD000127","GTEx","adrenal_gland","UBERON_0002369","adrenal gland","naive","233","exon"
"128","QTS000015","QTD000128","GTEx","adrenal_gland","UBERON_0002369","adrenal gland","naive","233","tx"
"129","QTS000015","QTD000129","GTEx","adrenal_gland","UBERON_0002369","adrenal gland","naive","233","txrev"
"130","QTS000015","QTD000130","GTEx","adrenal_gland","UBERON_0002369","adrenal gland","naive","233","leafcutter"
"131","QTS000015","QTD000131","GTEx","artery_aorta","UBERON_0001496","artery (aorta)","naive","387","ge"
"132","QTS000015","QTD000132","GTEx","artery_aorta","UBERON_0001496","artery (aorta)","naive","387","exon"
"133","QTS000015","QTD000133","GTEx","artery_aorta","UBERON_0001496","artery (aorta)","naive","387","tx"
"134","QTS000015","QTD000134","GTEx","artery_aorta","UBERON_0001496","artery (aorta)","naive","387","txrev"
"135","QTS000015","QTD000135","GTEx","artery_aorta","UBERON_0001496","artery (aorta)","naive","387","leafcutter"
"136","QTS000015","QTD000136","GTEx","artery_coronary","UBERON_0001621","artery (coronary)","naive","213","ge"
"137","QTS000015","QTD000137","GTEx","artery_coronary","UBERON_0001621","artery (coronary)","naive","213","exon"
"138","QTS000015","QTD000138","GTEx","artery_coronary","UBERON_0001621","artery (coronary)","naive","213","tx"
"139","QTS000015","QTD000139","GTEx","artery_coronary","UBERON_0001621","artery (coronary)","naive","213","txrev"
"140","QTS000015","QTD000140","GTEx","artery_coronary","UBERON_0001621","artery (coronary)","naive","213","leafcutter"
"141","QTS000015","QTD000141","GTEx","artery_tibial","UBERON_0007610","artery (tibial)","naive","584","ge"
"142","QTS000015","QTD000142","GTEx","artery_tibial","UBERON_0007610","artery (tibial)","naive","584","exon"
"143","QTS000015","QTD000143","GTEx","artery_tibial","UBERON_0007610","artery (tibial)","naive","584","tx"
"144","QTS000015","QTD000144","GTEx","artery_tibial","UBERON_0007610","artery (tibial)","naive","584","txrev"
"145","QTS000015","QTD000145","GTEx","artery_tibial","UBERON_0007610","artery (tibial)","naive","584","leafcutter"
"146","QTS000015","QTD000146","GTEx","brain_amygdala","UBERON_0001876","brain (amygdala)","naive","129","ge"
"147","QTS000015","QTD000147","GTEx","brain_amygdala","UBERON_0001876","brain (amygdala)","naive","129","exon"
"148","QTS000015","QTD000148","GTEx","brain_amygdala","UBERON_0001876","brain (amygdala)","naive","129","tx"
"149","QTS000015","QTD000149","GTEx","brain_amygdala","UBERON_0001876","brain (amygdala)","naive","129","txrev"
"150","QTS000015","QTD000150","GTEx","brain_amygdala","UBERON_0001876","brain (amygdala)","naive","129","leafcutter"
"151","QTS000015","QTD000151","GTEx","brain_anterior_cingulate_cortex","UBERON_0009835","brain (anterior cingulate cortex)","naive","147","ge"
"152","QTS000015","QTD000152","GTEx","brain_anterior_cingulate_cortex","UBERON_0009835","brain (anterior cingulate cortex)","naive","147","exon"
"153","QTS000015","QTD000153","GTEx","brain_anterior_cingulate_cortex","UBERON_0009835","brain (anterior cingulate cortex)","naive","147","tx"
"154","QTS000015","QTD000154","GTEx","brain_anterior_cingulate_cortex","UBERON_0009835","brain (anterior cingulate cortex)","naive","147","txrev"
"155","QTS000015","QTD000155","GTEx","brain_anterior_cingulate_cortex","UBERON_0009835","brain (anterior cingulate cortex)","naive","147","leafcutter"
"156","QTS000015","QTD000156","GTEx","brain_caudate","UBERON_0001873","brain (caudate)","naive","194","ge"
"157","QTS000015","QTD000157","GTEx","brain_caudate","UBERON_0001873","brain (caudate)","naive","194","exon"
"158","QTS000015","QTD000158","GTEx","brain_caudate","UBERON_0001873","brain (caudate)","naive","194","tx"
"159","QTS000015","QTD000159","GTEx","brain_caudate","UBERON_0001873","brain (caudate)","naive","194","txrev"
"160","QTS000015","QTD000160","GTEx","brain_caudate","UBERON_0001873","brain (caudate)","naive","194","leafcutter"
"161","QTS000015","QTD000161","GTEx","brain_cerebellar_hemisphere","UBERON_0002037","brain (cerebellum)","naive","175","ge"
"162","QTS000015","QTD000162","GTEx","brain_cerebellar_hemisphere","UBERON_0002037","brain (cerebellum)","naive","175","exon"
"163","QTS000015","QTD000163","GTEx","brain_cerebellar_hemisphere","UBERON_0002037","brain (cerebellum)","naive","175","tx"
"164","QTS000015","QTD000164","GTEx","brain_cerebellar_hemisphere","UBERON_0002037","brain (cerebellum)","naive","175","txrev"
"165","QTS000015","QTD000165","GTEx","brain_cerebellar_hemisphere","UBERON_0002037","brain (cerebellum)","naive","175","leafcutter"
"166","QTS000015","QTD000166","GTEx","brain_cerebellum","UBERON_0002037","brain (cerebellum)","naive","209","ge"
"167","QTS000015","QTD000167","GTEx","brain_cerebellum","UBERON_0002037","brain (cerebellum)","naive","209","exon"
"168","QTS000015","QTD000168","GTEx","brain_cerebellum","UBERON_0002037","brain (cerebellum)","naive","209","tx"
"169","QTS000015","QTD000169","GTEx","brain_cerebellum","UBERON_0002037","brain (cerebellum)","naive","209","txrev"
"170","QTS000015","QTD000170","GTEx","brain_cerebellum","UBERON_0002037","brain (cerebellum)","naive","209","leafcutter"
"171","QTS000015","QTD000171","GTEx","brain_cortex","UBERON_0001870","brain (cortex)","naive","205","ge"
"172","QTS000015","QTD000172","GTEx","brain_cortex","UBERON_0001870","brain (cortex)","naive","205","exon"
"173","QTS000015","QTD000173","GTEx","brain_cortex","UBERON_0001870","brain (cortex)","naive","205","tx"
"174","QTS000015","QTD000174","GTEx","brain_cortex","UBERON_0001870","brain (cortex)","naive","205","txrev"
"175","QTS000015","QTD000175","GTEx","brain_cortex","UBERON_0001870","brain (cortex)","naive","205","leafcutter"
"176","QTS000015","QTD000176","GTEx","brain_frontal_cortex","UBERON_0009834","brain (DLPFC)","naive","175","ge"
"177","QTS000015","QTD000177","GTEx","brain_frontal_cortex","UBERON_0009834","brain (DLPFC)","naive","175","exon"
"178","QTS000015","QTD000178","GTEx","brain_frontal_cortex","UBERON_0009834","brain (DLPFC)","naive","175","tx"
"179","QTS000015","QTD000179","GTEx","brain_frontal_cortex","UBERON_0009834","brain (DLPFC)","naive","175","txrev"
"180","QTS000015","QTD000180","GTEx","brain_frontal_cortex","UBERON_0009834","brain (DLPFC)","naive","175","leafcutter"
"181","QTS000015","QTD000181","GTEx","brain_hippocampus","UBERON_0001954","brain (hippocampus)","naive","165","ge"
"182","QTS000015","QTD000182","GTEx","brain_hippocampus","UBERON_0001954","brain (hippocampus)","naive","165","exon"
"183","QTS000015","QTD000183","GTEx","brain_hippocampus","UBERON_0001954","brain (hippocampus)","naive","165","tx"
"184","QTS000015","QTD000184","GTEx","brain_hippocampus","UBERON_0001954","brain (hippocampus)","naive","165","txrev"
"185","QTS000015","QTD000185","GTEx","brain_hippocampus","UBERON_0001954","brain (hippocampus)","naive","165","leafcutter"
"186","QTS000015","QTD000186","GTEx","brain_hypothalamus","UBERON_0001898","brain (hypothalamus)","naive","170","ge"
"187","QTS000015","QTD000187","GTEx","brain_hypothalamus","UBERON_0001898","brain (hypothalamus)","naive","170","exon"
"188","QTS000015","QTD000188","GTEx","brain_hypothalamus","UBERON_0001898","brain (hypothalamus)","naive","170","tx"
"189","QTS000015","QTD000189","GTEx","brain_hypothalamus","UBERON_0001898","brain (hypothalamus)","naive","170","txrev"
"190","QTS000015","QTD000190","GTEx","brain_hypothalamus","UBERON_0001898","brain (hypothalamus)","naive","170","leafcutter"
"191","QTS000015","QTD000191","GTEx","brain_nucleus_accumbens","UBERON_0001882","brain (nucleus accumbens)","naive","202","ge"
"192","QTS000015","QTD000192","GTEx","brain_nucleus_accumbens","UBERON_0001882","brain (nucleus accumbens)","naive","202","exon"
"193","QTS000015","QTD000193","GTEx","brain_nucleus_accumbens","UBERON_0001882","brain (nucleus accumbens)","naive","202","tx"
"194","QTS000015","QTD000194","GTEx","brain_nucleus_accumbens","UBERON_0001882","brain (nucleus accumbens)","naive","202","txrev"
"195","QTS000015","QTD000195","GTEx","brain_nucleus_accumbens","UBERON_0001882","brain (nucleus accumbens)","naive","202","leafcutter"
"196","QTS000015","QTD000196","GTEx","brain_putamen","UBERON_0001874","brain (putamen)","naive","170","ge"
"197","QTS000015","QTD000197","GTEx","brain_putamen","UBERON_0001874","brain (putamen)","naive","170","exon"
"198","QTS000015","QTD000198","GTEx","brain_putamen","UBERON_0001874","brain (putamen)","naive","170","tx"
"199","QTS000015","QTD000199","GTEx","brain_putamen","UBERON_0001874","brain (putamen)","naive","170","txrev"
"200","QTS000015","QTD000200","GTEx","brain_putamen","UBERON_0001874","brain (putamen)","naive","170","leafcutter"
"201","QTS000015","QTD000201","GTEx","brain_spinal_cord","UBERON_0006469","brain (spinal cord)","naive","126","ge"
"202","QTS000015","QTD000202","GTEx","brain_spinal_cord","UBERON_0006469","brain (spinal cord)","naive","126","exon"
"203","QTS000015","QTD000203","GTEx","brain_spinal_cord","UBERON_0006469","brain (spinal cord)","naive","126","tx"
"204","QTS000015","QTD000204","GTEx","brain_spinal_cord","UBERON_0006469","brain (spinal cord)","naive","126","txrev"
"205","QTS000015","QTD000205","GTEx","brain_spinal_cord","UBERON_0006469","brain (spinal cord)","naive","126","leafcutter"
"206","QTS000015","QTD000206","GTEx","brain_substantia_nigra","UBERON_0002038","brain (substantia nigra)","naive","114","ge"
"207","QTS000015","QTD000207","GTEx","brain_substantia_nigra","UBERON_0002038","brain (substantia nigra)","naive","114","exon"
"208","QTS000015","QTD000208","GTEx","brain_substantia_nigra","UBERON_0002038","brain (substantia nigra)","naive","114","tx"
"209","QTS000015","QTD000209","GTEx","brain_substantia_nigra","UBERON_0002038","brain (substantia nigra)","naive","114","txrev"
"210","QTS000015","QTD000210","GTEx","brain_substantia_nigra","UBERON_0002038","brain (substantia nigra)","naive","114","leafcutter"
"211","QTS000015","QTD000211","GTEx","breast","UBERON_0008367","breast","naive","394","ge"
"212","QTS000015","QTD000212","GTEx","breast","UBERON_0008367","breast","naive","394","exon"
"213","QTS000015","QTD000213","GTEx","breast","UBERON_0008367","breast","naive","394","tx"
"214","QTS000015","QTD000214","GTEx","breast","UBERON_0008367","breast","naive","394","txrev"
"215","QTS000015","QTD000215","GTEx","breast","UBERON_0008367","breast","naive","394","leafcutter"
"216","QTS000015","QTD000216","GTEx","fibroblast","CL_0000057","fibroblast","naive","483","ge"
"217","QTS000015","QTD000217","GTEx","fibroblast","CL_0000057","fibroblast","naive","483","exon"
"218","QTS000015","QTD000218","GTEx","fibroblast","CL_0000057","fibroblast","naive","483","tx"
"219","QTS000015","QTD000219","GTEx","fibroblast","CL_0000057","fibroblast","naive","483","txrev"
"220","QTS000015","QTD000220","GTEx","fibroblast","CL_0000057","fibroblast","naive","483","leafcutter"
"221","QTS000015","QTD000221","GTEx","LCL","EFO_0005292","LCL","naive","147","ge"
"222","QTS000015","QTD000222","GTEx","LCL","EFO_0005292","LCL","naive","147","exon"
"223","QTS000015","QTD000223","GTEx","LCL","EFO_0005292","LCL","naive","147","tx"
"224","QTS000015","QTD000224","GTEx","LCL","EFO_0005292","LCL","naive","147","txrev"
"225","QTS000015","QTD000225","GTEx","LCL","EFO_0005292","LCL","naive","147","leafcutter"
"226","QTS000015","QTD000226","GTEx","colon_sigmoid","UBERON_0001159","sigmoid colon","naive","318","ge"
"227","QTS000015","QTD000227","GTEx","colon_sigmoid","UBERON_0001159","sigmoid colon","naive","318","exon"
"228","QTS000015","QTD000228","GTEx","colon_sigmoid","UBERON_0001159","sigmoid colon","naive","318","tx"
"229","QTS000015","QTD000229","GTEx","colon_sigmoid","UBERON_0001159","sigmoid colon","naive","318","txrev"
"230","QTS000015","QTD000230","GTEx","colon_sigmoid","UBERON_0001159","sigmoid colon","naive","318","leafcutter"
"231","QTS000015","QTD000231","GTEx","colon_transverse","UBERON_0001157","transverse colon","naive","368","ge"
"232","QTS000015","QTD000232","GTEx","colon_transverse","UBERON_0001157","transverse colon","naive","368","exon"
"233","QTS000015","QTD000233","GTEx","colon_transverse","UBERON_0001157","transverse colon","naive","368","tx"
"234","QTS000015","QTD000234","GTEx","colon_transverse","UBERON_0001157","transverse colon","naive","368","txrev"
"235","QTS000015","QTD000235","GTEx","colon_transverse","UBERON_0001157","transverse colon","naive","368","leafcutter"
"236","QTS000015","QTD000236","GTEx","esophagus_gej","UBERON_0004550","esophagus (gej)","naive","330","ge"
"237","QTS000015","QTD000237","GTEx","esophagus_gej","UBERON_0004550","esophagus (gej)","naive","330","exon"
"238","QTS000015","QTD000238","GTEx","esophagus_gej","UBERON_0004550","esophagus (gej)","naive","330","tx"
"239","QTS000015","QTD000239","GTEx","esophagus_gej","UBERON_0004550","esophagus (gej)","naive","330","txrev"
"240","QTS000015","QTD000240","GTEx","esophagus_gej","UBERON_0004550","esophagus (gej)","naive","330","leafcutter"
"241","QTS000015","QTD000241","GTEx","esophagus_mucosa","UBERON_0006920","esophagus (mucosa)","naive","493","ge"
"242","QTS000015","QTD000242","GTEx","esophagus_mucosa","UBERON_0006920","esophagus (mucosa)","naive","493","exon"
"243","QTS000015","QTD000243","GTEx","esophagus_mucosa","UBERON_0006920","esophagus (mucosa)","naive","493","tx"
"244","QTS000015","QTD000244","GTEx","esophagus_mucosa","UBERON_0006920","esophagus (mucosa)","naive","493","txrev"
"245","QTS000015","QTD000245","GTEx","esophagus_mucosa","UBERON_0006920","esophagus (mucosa)","naive","493","leafcutter"
"246","QTS000015","QTD000246","GTEx","esophagus_muscularis","UBERON_0004648","esophagus (muscularis)","naive","461","ge"
"247","QTS000015","QTD000247","GTEx","esophagus_muscularis","UBERON_0004648","esophagus (muscularis)","naive","461","exon"
"248","QTS000015","QTD000248","GTEx","esophagus_muscularis","UBERON_0004648","esophagus (muscularis)","naive","461","tx"
"249","QTS000015","QTD000249","GTEx","esophagus_muscularis","UBERON_0004648","esophagus (muscularis)","naive","461","txrev"
"250","QTS000015","QTD000250","GTEx","esophagus_muscularis","UBERON_0004648","esophagus (muscularis)","naive","461","leafcutter"
"251","QTS000015","QTD000251","GTEx","heart_atrial_appendage","UBERON_0006631","heart (atrial appendage)","naive","372","ge"
"252","QTS000015","QTD000252","GTEx","heart_atrial_appendage","UBERON_0006631","heart (atrial appendage)","naive","372","exon"
"253","QTS000015","QTD000253","GTEx","heart_atrial_appendage","UBERON_0006631","heart (atrial appendage)","naive","372","tx"
"254","QTS000015","QTD000254","GTEx","heart_atrial_appendage","UBERON_0006631","heart (atrial appendage)","naive","372","txrev"
"255","QTS000015","QTD000255","GTEx","heart_atrial_appendage","UBERON_0006631","heart (atrial appendage)","naive","372","leafcutter"
"256","QTS000015","QTD000256","GTEx","heart_left_ventricle","UBERON_0006566","heart (left ventricle)","naive","382","ge"
"257","QTS000015","QTD000257","GTEx","heart_left_ventricle","UBERON_0006566","heart (left ventricle)","naive","382","exon"
"258","QTS000015","QTD000258","GTEx","heart_left_ventricle","UBERON_0006566","heart (left ventricle)","naive","382","tx"
"259","QTS000015","QTD000259","GTEx","heart_left_ventricle","UBERON_0006566","heart (left ventricle)","naive","382","txrev"
"260","QTS000015","QTD000260","GTEx","heart_left_ventricle","UBERON_0006566","heart (left ventricle)","naive","382","leafcutter"
"261","QTS000015","QTD000261","GTEx","kidney_cortex","UBERON_0001225","kidney (cortex)","naive","73","ge"
"262","QTS000015","QTD000262","GTEx","kidney_cortex","UBERON_0001225","kidney (cortex)","naive","73","exon"
"263","QTS000015","QTD000263","GTEx","kidney_cortex","UBERON_0001225","kidney (cortex)","naive","73","tx"
"264","QTS000015","QTD000264","GTEx","kidney_cortex","UBERON_0001225","kidney (cortex)","naive","73","txrev"
"265","QTS000015","QTD000265","GTEx","kidney_cortex","UBERON_0001225","kidney (cortex)","naive","73","leafcutter"
"266","QTS000015","QTD000266","GTEx","liver","UBERON_0001114","liver","naive","208","ge"
"267","QTS000015","QTD000267","GTEx","liver","UBERON_0001114","liver","naive","208","exon"
"268","QTS000015","QTD000268","GTEx","liver","UBERON_0001114","liver","naive","208","tx"
"269","QTS000015","QTD000269","GTEx","liver","UBERON_0001114","liver","naive","208","txrev"
"270","QTS000015","QTD000270","GTEx","liver","UBERON_0001114","liver","naive","208","leafcutter"
"271","QTS000015","QTD000271","GTEx","lung","UBERON_0008952","lung","naive","510","ge"
"272","QTS000015","QTD000272","GTEx","lung","UBERON_0008952","lung","naive","510","exon"
"273","QTS000015","QTD000273","GTEx","lung","UBERON_0008952","lung","naive","510","tx"
"274","QTS000015","QTD000274","GTEx","lung","UBERON_0008952","lung","naive","510","txrev"
"275","QTS000015","QTD000275","GTEx","lung","UBERON_0008952","lung","naive","510","leafcutter"
"276","QTS000015","QTD000276","GTEx","minor_salivary_gland","UBERON_0006330","minor salivary gland","naive","144","ge"
"277","QTS000015","QTD000277","GTEx","minor_salivary_gland","UBERON_0006330","minor salivary gland","naive","144","exon"
"278","QTS000015","QTD000278","GTEx","minor_salivary_gland","UBERON_0006330","minor salivary gland","naive","144","tx"
"279","QTS000015","QTD000279","GTEx","minor_salivary_gland","UBERON_0006330","minor salivary gland","naive","144","txrev"
"280","QTS000015","QTD000280","GTEx","minor_salivary_gland","UBERON_0006330","minor salivary gland","naive","144","leafcutter"
"281","QTS000015","QTD000281","GTEx","muscle","UBERON_0001134","muscle","naive","702","ge"
"282","QTS000015","QTD000282","GTEx","muscle","UBERON_0001134","muscle","naive","702","exon"
"283","QTS000015","QTD000283","GTEx","muscle","UBERON_0001134","muscle","naive","702","tx"
"284","QTS000015","QTD000284","GTEx","muscle","UBERON_0001134","muscle","naive","702","txrev"
"285","QTS000015","QTD000285","GTEx","muscle","UBERON_0001134","muscle","naive","702","leafcutter"
"286","QTS000015","QTD000286","GTEx","nerve_tibial","UBERON_0001323","tibial nerve","naive","532","ge"
"287","QTS000015","QTD000287","GTEx","nerve_tibial","UBERON_0001323","tibial nerve","naive","532","exon"
"288","QTS000015","QTD000288","GTEx","nerve_tibial","UBERON_0001323","tibial nerve","naive","532","tx"
"289","QTS000015","QTD000289","GTEx","nerve_tibial","UBERON_0001323","tibial nerve","naive","532","txrev"
"290","QTS000015","QTD000290","GTEx","nerve_tibial","UBERON_0001323","tibial nerve","naive","532","leafcutter"
"291","QTS000015","QTD000291","GTEx","ovary","UBERON_0000992","ovary","naive","167","ge"
"292","QTS000015","QTD000292","GTEx","ovary","UBERON_0000992","ovary","naive","167","exon"
"293","QTS000015","QTD000293","GTEx","ovary","UBERON_0000992","ovary","naive","167","tx"
"294","QTS000015","QTD000294","GTEx","ovary","UBERON_0000992","ovary","naive","167","txrev"
"295","QTS000015","QTD000295","GTEx","ovary","UBERON_0000992","ovary","naive","167","leafcutter"
"296","QTS000015","QTD000296","GTEx","pancreas","UBERON_0001150","pancreas","naive","305","ge"
"297","QTS000015","QTD000297","GTEx","pancreas","UBERON_0001150","pancreas","naive","305","exon"
"298","QTS000015","QTD000298","GTEx","pancreas","UBERON_0001150","pancreas","naive","305","tx"
"299","QTS000015","QTD000299","GTEx","pancreas","UBERON_0001150","pancreas","naive","305","txrev"
"300","QTS000015","QTD000300","GTEx","pancreas","UBERON_0001150","pancreas","naive","305","leafcutter"
"301","QTS000015","QTD000301","GTEx","pituitary","UBERON_0000007","pituitary","naive","237","ge"
"302","QTS000015","QTD000302","GTEx","pituitary","UBERON_0000007","pituitary","naive","237","exon"
"303","QTS000015","QTD000303","GTEx","pituitary","UBERON_0000007","pituitary","naive","237","tx"
"304","QTS000015","QTD000304","GTEx","pituitary","UBERON_0000007","pituitary","naive","237","txrev"
"305","QTS000015","QTD000305","GTEx","pituitary","UBERON_0000007","pituitary","naive","237","leafcutter"
"306","QTS000015","QTD000306","GTEx","prostate","UBERON_0002367","prostate","naive","218","ge"
"307","QTS000015","QTD000307","GTEx","prostate","UBERON_0002367","prostate","naive","218","exon"
"308","QTS000015","QTD000308","GTEx","prostate","UBERON_0002367","prostate","naive","218","tx"
"309","QTS000015","QTD000309","GTEx","prostate","UBERON_0002367","prostate","naive","218","txrev"
"310","QTS000015","QTD000310","GTEx","prostate","UBERON_0002367","prostate","naive","218","leafcutter"
"311","QTS000015","QTD000311","GTEx","skin_not_sun_exposed","UBERON_0036149","skin (suprapubic)","naive","517","ge"
"312","QTS000015","QTD000312","GTEx","skin_not_sun_exposed","UBERON_0036149","skin (suprapubic)","naive","517","exon"
"313","QTS000015","QTD000313","GTEx","skin_not_sun_exposed","UBERON_0036149","skin (suprapubic)","naive","517","tx"
"314","QTS000015","QTD000314","GTEx","skin_not_sun_exposed","UBERON_0036149","skin (suprapubic)","naive","517","txrev"
"315","QTS000015","QTD000315","GTEx","skin_not_sun_exposed","UBERON_0036149","skin (suprapubic)","naive","517","leafcutter"
"316","QTS000015","QTD000316","GTEx","skin_sun_exposed","UBERON_0002097","skin","naive","602","ge"
"317","QTS000015","QTD000317","GTEx","skin_sun_exposed","UBERON_0002097","skin","naive","602","exon"
"318","QTS000015","QTD000318","GTEx","skin_sun_exposed","UBERON_0002097","skin","naive","602","tx"
"319","QTS000015","QTD000319","GTEx","skin_sun_exposed","UBERON_0002097","skin","naive","602","txrev"
"320","QTS000015","QTD000320","GTEx","skin_sun_exposed","UBERON_0002097","skin","naive","602","leafcutter"
"321","QTS000015","QTD000321","GTEx","small_intestine","UBERON_0001211","small intestine","naive","174","ge"
"322","QTS000015","QTD000322","GTEx","small_intestine","UBERON_0001211","small intestine","naive","174","exon"
"323","QTS000015","QTD000323","GTEx","small_intestine","UBERON_0001211","small intestine","naive","174","tx"
"324","QTS000015","QTD000324","GTEx","small_intestine","UBERON_0001211","small intestine","naive","174","txrev"
"325","QTS000015","QTD000325","GTEx","small_intestine","UBERON_0001211","small intestine","naive","174","leafcutter"
"326","QTS000015","QTD000326","GTEx","spleen","UBERON_0002106","spleen","naive","227","ge"
"327","QTS000015","QTD000327","GTEx","spleen","UBERON_0002106","spleen","naive","227","exon"
"328","QTS000015","QTD000328","GTEx","spleen","UBERON_0002106","spleen","naive","227","tx"
"329","QTS000015","QTD000329","GTEx","spleen","UBERON_0002106","spleen","naive","227","txrev"
"330","QTS000015","QTD000330","GTEx","spleen","UBERON_0002106","spleen","naive","227","leafcutter"
"331","QTS000015","QTD000331","GTEx","stomach","UBERON_0000945","stomach","naive","324","ge"
"332","QTS000015","QTD000332","GTEx","stomach","UBERON_0000945","stomach","naive","324","exon"
"333","QTS000015","QTD000333","GTEx","stomach","UBERON_0000945","stomach","naive","324","tx"
"334","QTS000015","QTD000334","GTEx","stomach","UBERON_0000945","stomach","naive","324","txrev"
"335","QTS000015","QTD000335","GTEx","stomach","UBERON_0000945","stomach","naive","324","leafcutter"
"336","QTS000015","QTD000336","GTEx","testis","UBERON_0000473","testis","naive","322","ge"
"337","QTS000015","QTD000337","GTEx","testis","UBERON_0000473","testis","naive","322","exon"
"338","QTS000015","QTD000338","GTEx","testis","UBERON_0000473","testis","naive","322","tx"
"339","QTS000015","QTD000339","GTEx","testis","UBERON_0000473","testis","naive","322","txrev"
"340","QTS000015","QTD000340","GTEx","testis","UBERON_0000473","testis","naive","322","leafcutter"
"341","QTS000015","QTD000341","GTEx","thyroid","UBERON_0002046","thyroid","naive","574","ge"
"342","QTS000015","QTD000342","GTEx","thyroid","UBERON_0002046","thyroid","naive","574","exon"
"343","QTS000015","QTD000343","GTEx","thyroid","UBERON_0002046","thyroid","naive","574","tx"
"344","QTS000015","QTD000344","GTEx","thyroid","UBERON_0002046","thyroid","naive","574","txrev"
"345","QTS000015","QTD000345","GTEx","thyroid","UBERON_0002046","thyroid","naive","574","leafcutter"
"346","QTS000015","QTD000346","GTEx","uterus","UBERON_0000995","uterus","naive","129","ge"
"347","QTS000015","QTD000347","GTEx","uterus","UBERON_0000995","uterus","naive","129","exon"
"348","QTS000015","QTD000348","GTEx","uterus","UBERON_0000995","uterus","naive","129","tx"
"349","QTS000015","QTD000349","GTEx","uterus","UBERON_0000995","uterus","naive","129","txrev"
"350","QTS000015","QTD000350","GTEx","uterus","UBERON_0000995","uterus","naive","129","leafcutter"
"351","QTS000015","QTD000351","GTEx","vagina","UBERON_0000996","vagina","naive","141","ge"
"352","QTS000015","QTD000352","GTEx","vagina","UBERON_0000996","vagina","naive","141","exon"
"353","QTS000015","QTD000353","GTEx","vagina","UBERON_0000996","vagina","naive","141","tx"
"354","QTS000015","QTD000354","GTEx","vagina","UBERON_0000996","vagina","naive","141","txrev"
"355","QTS000015","QTD000355","GTEx","vagina","UBERON_0000996","vagina","naive","141","leafcutter"
"356","QTS000015","QTD000356","GTEx","blood","UBERON_0000178","blood","naive","670","ge"
"357","QTS000015","QTD000357","GTEx","blood","UBERON_0000178","blood","naive","670","exon"
"358","QTS000015","QTD000358","GTEx","blood","UBERON_0000178","blood","naive","670","tx"
"359","QTS000015","QTD000359","GTEx","blood","UBERON_0000178","blood","naive","670","txrev"
"360","QTS000015","QTD000360","GTEx","blood","UBERON_0000178","blood","naive","670","leafcutter"
"361","QTS000016","QTD000361","HipSci","iPSC","EFO_0004905","iPSC","naive","322","ge"
"362","QTS000016","QTD000362","HipSci","iPSC","EFO_0004905","iPSC","naive","322","exon"
"363","QTS000016","QTD000363","HipSci","iPSC","EFO_0004905","iPSC","naive","322","tx"
"364","QTS000016","QTD000364","HipSci","iPSC","EFO_0004905","iPSC","naive","322","txrev"
"365","QTS000016","QTD000365","HipSci","iPSC","EFO_0004905","iPSC","naive","322","leafcutter"
"366","QTS000017","QTD000366","iPSCORE","iPSC","EFO_0004905","iPSC","naive","101","ge"
"367","QTS000017","QTD000367","iPSCORE","iPSC","EFO_0004905","iPSC","naive","101","exon"
"368","QTS000017","QTD000368","iPSCORE","iPSC","EFO_0004905","iPSC","naive","101","tx"
"369","QTS000017","QTD000369","iPSCORE","iPSC","EFO_0004905","iPSC","naive","101","txrev"
"370","QTS000017","QTD000370","iPSCORE","iPSC","EFO_0004905","iPSC","naive","101","leafcutter"
"371","QTS000018","QTD000371","Kasela_2017","T-cell_CD4","CL_0000624","CD4+ T cell","naive","280","microarray"
"372","QTS000018","QTD000372","Kasela_2017","T-cell_CD8","CL_0000625","CD8+ T cell","naive","269","microarray"
"373","QTS000019","QTD000373","Lepik_2017","blood","UBERON_0000178","blood","naive","471","ge"
"374","QTS000019","QTD000374","Lepik_2017","blood","UBERON_0000178","blood","naive","471","exon"
"375","QTS000019","QTD000375","Lepik_2017","blood","UBERON_0000178","blood","naive","471","tx"
"376","QTS000019","QTD000376","Lepik_2017","blood","UBERON_0000178","blood","naive","471","txrev"
"377","QTS000019","QTD000377","Lepik_2017","blood","UBERON_0000178","blood","naive","471","leafcutter"
"378","QTS000020","QTD000378","Naranbhai_2015","neutrophil_CD16","CL_0000775","neutrophil","naive","93","microarray"
"379","QTS000021","QTD000379","Nedelec_2016","macrophage_Listeria","CL_0000235","macrophage","Listeria_5h","163","ge"
"380","QTS000021","QTD000380","Nedelec_2016","macrophage_Listeria","CL_0000235","macrophage","Listeria_5h","163","exon"
"381","QTS000021","QTD000381","Nedelec_2016","macrophage_Listeria","CL_0000235","macrophage","Listeria_5h","163","tx"
"382","QTS000021","QTD000382","Nedelec_2016","macrophage_Listeria","CL_0000235","macrophage","Listeria_5h","163","txrev"
"383","QTS000021","QTD000383","Nedelec_2016","macrophage_Listeria","CL_0000235","macrophage","Listeria_5h","163","leafcutter"
"384","QTS000021","QTD000384","Nedelec_2016","macrophage_naive","CL_0000235","macrophage","naive","163","ge"
"385","QTS000021","QTD000385","Nedelec_2016","macrophage_naive","CL_0000235","macrophage","naive","163","exon"
"386","QTS000021","QTD000386","Nedelec_2016","macrophage_naive","CL_0000235","macrophage","naive","163","tx"
"387","QTS000021","QTD000387","Nedelec_2016","macrophage_naive","CL_0000235","macrophage","naive","163","txrev"
"388","QTS000021","QTD000388","Nedelec_2016","macrophage_naive","CL_0000235","macrophage","naive","163","leafcutter"
"389","QTS000021","QTD000389","Nedelec_2016","macrophage_Salmonella","CL_0000235","macrophage","Salmonella_5h","167","ge"
"390","QTS000021","QTD000390","Nedelec_2016","macrophage_Salmonella","CL_0000235","macrophage","Salmonella_5h","167","exon"
"391","QTS000021","QTD000391","Nedelec_2016","macrophage_Salmonella","CL_0000235","macrophage","Salmonella_5h","167","tx"
"392","QTS000021","QTD000392","Nedelec_2016","macrophage_Salmonella","CL_0000235","macrophage","Salmonella_5h","167","txrev"
"393","QTS000021","QTD000393","Nedelec_2016","macrophage_Salmonella","CL_0000235","macrophage","Salmonella_5h","167","leafcutter"
"394","QTS000022","QTD000394","Peng_2018","placenta_naive","UBERON_0001987","placenta","naive","149","ge"
"395","QTS000022","QTD000395","Peng_2018","placenta_naive","UBERON_0001987","placenta","naive","149","exon"
"396","QTS000022","QTD000396","Peng_2018","placenta_naive","UBERON_0001987","placenta","naive","149","tx"
"397","QTS000022","QTD000397","Peng_2018","placenta_naive","UBERON_0001987","placenta","naive","149","txrev"
"398","QTS000022","QTD000398","Peng_2018","placenta_naive","UBERON_0001987","placenta","naive","149","leafcutter"
"399","QTS000023","QTD000399","PhLiPS","iPSC","EFO_0004905","iPSC","naive","83","ge"
"400","QTS000023","QTD000400","PhLiPS","iPSC","EFO_0004905","iPSC","naive","83","exon"
"401","QTS000023","QTD000401","PhLiPS","iPSC","EFO_0004905","iPSC","naive","83","tx"
"402","QTS000023","QTD000402","PhLiPS","iPSC","EFO_0004905","iPSC","naive","83","txrev"
"403","QTS000023","QTD000403","PhLiPS","iPSC","EFO_0004905","iPSC","naive","83","leafcutter"
"404","QTS000023","QTD000404","PhLiPS","HLC","CL_0000182","hepatocyte","naive","79","ge"
"405","QTS000023","QTD000405","PhLiPS","HLC","CL_0000182","hepatocyte","naive","79","exon"
"406","QTS000023","QTD000406","PhLiPS","HLC","CL_0000182","hepatocyte","naive","79","tx"
"407","QTS000023","QTD000407","PhLiPS","HLC","CL_0000182","hepatocyte","naive","79","txrev"
"408","QTS000023","QTD000408","PhLiPS","HLC","CL_0000182","hepatocyte","naive","79","leafcutter"
"409","QTS000024","QTD000409","Quach_2016","monocyte_naive","CL_0002057","monocyte","naive","200","ge"
"410","QTS000024","QTD000410","Quach_2016","monocyte_naive","CL_0002057","monocyte","naive","200","exon"
"411","QTS000024","QTD000411","Quach_2016","monocyte_naive","CL_0002057","monocyte","naive","200","tx"
"412","QTS000024","QTD000412","Quach_2016","monocyte_naive","CL_0002057","monocyte","naive","200","txrev"
"413","QTS000024","QTD000413","Quach_2016","monocyte_naive","CL_0002057","monocyte","naive","200","leafcutter"
"414","QTS000024","QTD000414","Quach_2016","monocyte_LPS","CL_0002057","monocyte","LPS_6h","184","ge"
"415","QTS000024","QTD000415","Quach_2016","monocyte_LPS","CL_0002057","monocyte","LPS_6h","184","exon"
"416","QTS000024","QTD000416","Quach_2016","monocyte_LPS","CL_0002057","monocyte","LPS_6h","184","tx"
"417","QTS000024","QTD000417","Quach_2016","monocyte_LPS","CL_0002057","monocyte","LPS_6h","184","txrev"
"418","QTS000024","QTD000418","Quach_2016","monocyte_LPS","CL_0002057","monocyte","LPS_6h","184","leafcutter"
"419","QTS000024","QTD000419","Quach_2016","monocyte_Pam3CSK4","CL_0002057","monocyte","Pam3CSK4_6h","196","ge"
"420","QTS000024","QTD000420","Quach_2016","monocyte_Pam3CSK4","CL_0002057","monocyte","Pam3CSK4_6h","196","exon"
"421","QTS000024","QTD000421","Quach_2016","monocyte_Pam3CSK4","CL_0002057","monocyte","Pam3CSK4_6h","196","tx"
"422","QTS000024","QTD000422","Quach_2016","monocyte_Pam3CSK4","CL_0002057","monocyte","Pam3CSK4_6h","196","txrev"
"423","QTS000024","QTD000423","Quach_2016","monocyte_Pam3CSK4","CL_0002057","monocyte","Pam3CSK4_6h","196","leafcutter"
"424","QTS000024","QTD000424","Quach_2016","monocyte_R848","CL_0002057","monocyte","R848_6h","191","ge"
"425","QTS000024","QTD000425","Quach_2016","monocyte_R848","CL_0002057","monocyte","R848_6h","191","exon"
"426","QTS000024","QTD000426","Quach_2016","monocyte_R848","CL_0002057","monocyte","R848_6h","191","tx"
"427","QTS000024","QTD000427","Quach_2016","monocyte_R848","CL_0002057","monocyte","R848_6h","191","txrev"
"428","QTS000024","QTD000428","Quach_2016","monocyte_R848","CL_0002057","monocyte","R848_6h","191","leafcutter"
"429","QTS000024","QTD000429","Quach_2016","monocyte_IAV","CL_0002057","monocyte","Influenza_6h","198","ge"
"430","QTS000024","QTD000430","Quach_2016","monocyte_IAV","CL_0002057","monocyte","Influenza_6h","198","exon"
"431","QTS000024","QTD000431","Quach_2016","monocyte_IAV","CL_0002057","monocyte","Influenza_6h","198","tx"
"432","QTS000024","QTD000432","Quach_2016","monocyte_IAV","CL_0002057","monocyte","Influenza_6h","198","txrev"
"433","QTS000024","QTD000433","Quach_2016","monocyte_IAV","CL_0002057","monocyte","Influenza_6h","198","leafcutter"
"434","QTS000025","QTD000434","ROSMAP","brain_naive","UBERON_0009834","brain (DLPFC)","naive","560","ge"
"435","QTS000025","QTD000435","ROSMAP","brain_naive","UBERON_0009834","brain (DLPFC)","naive","560","exon"
"436","QTS000025","QTD000436","ROSMAP","brain_naive","UBERON_0009834","brain (DLPFC)","naive","560","tx"
"437","QTS000025","QTD000437","ROSMAP","brain_naive","UBERON_0009834","brain (DLPFC)","naive","560","txrev"
"438","QTS000025","QTD000438","ROSMAP","brain_naive","UBERON_0009834","brain (DLPFC)","naive","560","leafcutter"
"439","QTS000026","QTD000439","Schmiedel_2018","Tfh_memory","CL_0002038","Tfh cell","naive","89","ge"
"440","QTS000026","QTD000440","Schmiedel_2018","Tfh_memory","CL_0002038","Tfh cell","naive","89","exon"
"441","QTS000026","QTD000441","Schmiedel_2018","Tfh_memory","CL_0002038","Tfh cell","naive","89","tx"
"442","QTS000026","QTD000442","Schmiedel_2018","Tfh_memory","CL_0002038","Tfh cell","naive","89","txrev"
"443","QTS000026","QTD000443","Schmiedel_2018","Tfh_memory","CL_0002038","Tfh cell","naive","89","leafcutter"
"444","QTS000026","QTD000444","Schmiedel_2018","Th17_memory","CL_0000899","Th17 cell","naive","89","ge"
"445","QTS000026","QTD000445","Schmiedel_2018","Th17_memory","CL_0000899","Th17 cell","naive","89","exon"
"446","QTS000026","QTD000446","Schmiedel_2018","Th17_memory","CL_0000899","Th17 cell","naive","89","tx"
"447","QTS000026","QTD000447","Schmiedel_2018","Th17_memory","CL_0000899","Th17 cell","naive","89","txrev"
"448","QTS000026","QTD000448","Schmiedel_2018","Th17_memory","CL_0000899","Th17 cell","naive","89","leafcutter"
"449","QTS000026","QTD000449","Schmiedel_2018","Th1_memory","CL_0000545","Th1 cell","naive","82","ge"
"450","QTS000026","QTD000450","Schmiedel_2018","Th1_memory","CL_0000545","Th1 cell","naive","82","exon"
"451","QTS000026","QTD000451","Schmiedel_2018","Th1_memory","CL_0000545","Th1 cell","naive","82","tx"
"452","QTS000026","QTD000452","Schmiedel_2018","Th1_memory","CL_0000545","Th1 cell","naive","82","txrev"
"453","QTS000026","QTD000453","Schmiedel_2018","Th1_memory","CL_0000545","Th1 cell","naive","82","leafcutter"
"454","QTS000026","QTD000454","Schmiedel_2018","Th2_memory","CL_0000546","Th2 cell","naive","89","ge"
"455","QTS000026","QTD000455","Schmiedel_2018","Th2_memory","CL_0000546","Th2 cell","naive","89","exon"
"456","QTS000026","QTD000456","Schmiedel_2018","Th2_memory","CL_0000546","Th2 cell","naive","89","tx"
"457","QTS000026","QTD000457","Schmiedel_2018","Th2_memory","CL_0000546","Th2 cell","naive","89","txrev"
"458","QTS000026","QTD000458","Schmiedel_2018","Th2_memory","CL_0000546","Th2 cell","naive","89","leafcutter"
"459","QTS000026","QTD000459","Schmiedel_2018","Th1-17_memory","CL_0000899","Th17 cell","naive","88","ge"
"460","QTS000026","QTD000460","Schmiedel_2018","Th1-17_memory","CL_0000899","Th17 cell","naive","88","exon"
"461","QTS000026","QTD000461","Schmiedel_2018","Th1-17_memory","CL_0000899","Th17 cell","naive","88","tx"
"462","QTS000026","QTD000462","Schmiedel_2018","Th1-17_memory","CL_0000899","Th17 cell","naive","88","txrev"
"463","QTS000026","QTD000463","Schmiedel_2018","Th1-17_memory","CL_0000899","Th17 cell","naive","88","leafcutter"
"464","QTS000026","QTD000464","Schmiedel_2018","Treg_memory","CL_0002678","Treg memory","naive","89","ge"
"465","QTS000026","QTD000465","Schmiedel_2018","Treg_memory","CL_0002678","Treg memory","naive","89","exon"
"466","QTS000026","QTD000466","Schmiedel_2018","Treg_memory","CL_0002678","Treg memory","naive","89","tx"
"467","QTS000026","QTD000467","Schmiedel_2018","Treg_memory","CL_0002678","Treg memory","naive","89","txrev"
"468","QTS000026","QTD000468","Schmiedel_2018","Treg_memory","CL_0002678","Treg memory","naive","89","leafcutter"
"469","QTS000026","QTD000469","Schmiedel_2018","Treg_naive","CL_0002677","Treg naive","naive","89","ge"
"470","QTS000026","QTD000470","Schmiedel_2018","Treg_naive","CL_0002677","Treg naive","naive","89","exon"
"471","QTS000026","QTD000471","Schmiedel_2018","Treg_naive","CL_0002677","Treg naive","naive","89","tx"
"472","QTS000026","QTD000472","Schmiedel_2018","Treg_naive","CL_0002677","Treg naive","naive","89","txrev"
"473","QTS000026","QTD000473","Schmiedel_2018","Treg_naive","CL_0002677","Treg naive","naive","89","leafcutter"
"474","QTS000026","QTD000474","Schmiedel_2018","B-cell_naive","CL_0000236","B cell","naive","91","ge"
"475","QTS000026","QTD000475","Schmiedel_2018","B-cell_naive","CL_0000236","B cell","naive","91","exon"
"476","QTS000026","QTD000476","Schmiedel_2018","B-cell_naive","CL_0000236","B cell","naive","91","tx"
"477","QTS000026","QTD000477","Schmiedel_2018","B-cell_naive","CL_0000236","B cell","naive","91","txrev"
"478","QTS000026","QTD000478","Schmiedel_2018","B-cell_naive","CL_0000236","B cell","naive","91","leafcutter"
"479","QTS000026","QTD000479","Schmiedel_2018","CD4_T-cell_naive","CL_0000624","CD4+ T cell","naive","88","ge"
"480","QTS000026","QTD000480","Schmiedel_2018","CD4_T-cell_naive","CL_0000624","CD4+ T cell","naive","88","exon"
"481","QTS000026","QTD000481","Schmiedel_2018","CD4_T-cell_naive","CL_0000624","CD4+ T cell","naive","88","tx"
"482","QTS000026","QTD000482","Schmiedel_2018","CD4_T-cell_naive","CL_0000624","CD4+ T cell","naive","88","txrev"
"483","QTS000026","QTD000483","Schmiedel_2018","CD4_T-cell_naive","CL_0000624","CD4+ T cell","naive","88","leafcutter"
"484","QTS000026","QTD000484","Schmiedel_2018","CD4_T-cell_anti-CD3-CD28","CL_0000624","CD4+ T cell","anti-CD3-CD28_4h","89","ge"
"485","QTS000026","QTD000485","Schmiedel_2018","CD4_T-cell_anti-CD3-CD28","CL_0000624","CD4+ T cell","anti-CD3-CD28_4h","89","exon"
"486","QTS000026","QTD000486","Schmiedel_2018","CD4_T-cell_anti-CD3-CD28","CL_0000624","CD4+ T cell","anti-CD3-CD28_4h","89","tx"
"487","QTS000026","QTD000487","Schmiedel_2018","CD4_T-cell_anti-CD3-CD28","CL_0000624","CD4+ T cell","anti-CD3-CD28_4h","89","txrev"
"488","QTS000026","QTD000488","Schmiedel_2018","CD4_T-cell_anti-CD3-CD28","CL_0000624","CD4+ T cell","anti-CD3-CD28_4h","89","leafcutter"
"489","QTS000026","QTD000489","Schmiedel_2018","CD8_T-cell_naive","CL_0000625","CD8+ T cell","naive","89","ge"
"490","QTS000026","QTD000490","Schmiedel_2018","CD8_T-cell_naive","CL_0000625","CD8+ T cell","naive","89","exon"
"491","QTS000026","QTD000491","Schmiedel_2018","CD8_T-cell_naive","CL_0000625","CD8+ T cell","naive","89","tx"
"492","QTS000026","QTD000492","Schmiedel_2018","CD8_T-cell_naive","CL_0000625","CD8+ T cell","naive","89","txrev"
"493","QTS000026","QTD000493","Schmiedel_2018","CD8_T-cell_naive","CL_0000625","CD8+ T cell","naive","89","leafcutter"
"494","QTS000026","QTD000494","Schmiedel_2018","CD8_T-cell_anti-CD3-CD28","CL_0000625","CD8+ T cell","anti-CD3-CD28_4h","88","ge"
"495","QTS000026","QTD000495","Schmiedel_2018","CD8_T-cell_anti-CD3-CD28","CL_0000625","CD8+ T cell","anti-CD3-CD28_4h","88","exon"
"496","QTS000026","QTD000496","Schmiedel_2018","CD8_T-cell_anti-CD3-CD28","CL_0000625","CD8+ T cell","anti-CD3-CD28_4h","88","tx"
"497","QTS000026","QTD000497","Schmiedel_2018","CD8_T-cell_anti-CD3-CD28","CL_0000625","CD8+ T cell","anti-CD3-CD28_4h","88","txrev"
"498","QTS000026","QTD000498","Schmiedel_2018","CD8_T-cell_anti-CD3-CD28","CL_0000625","CD8+ T cell","anti-CD3-CD28_4h","88","leafcutter"
"499","QTS000026","QTD000499","Schmiedel_2018","monocyte_CD16_naive","CL_0002396","CD16+ monocyte","naive","90","ge"
"500","QTS000026","QTD000500","Schmiedel_2018","monocyte_CD16_naive","CL_0002396","CD16+ monocyte","naive","90","exon"
"501","QTS000026","QTD000501","Schmiedel_2018","monocyte_CD16_naive","CL_0002396","CD16+ monocyte","naive","90","tx"
"502","QTS000026","QTD000502","Schmiedel_2018","monocyte_CD16_naive","CL_0002396","CD16+ monocyte","naive","90","txrev"
"503","QTS000026","QTD000503","Schmiedel_2018","monocyte_CD16_naive","CL_0002396","CD16+ monocyte","naive","90","leafcutter"
"504","QTS000026","QTD000504","Schmiedel_2018","monocyte_naive","CL_0002057","monocyte","naive","91","ge"
"505","QTS000026","QTD000505","Schmiedel_2018","monocyte_naive","CL_0002057","monocyte","naive","91","exon"
"506","QTS000026","QTD000506","Schmiedel_2018","monocyte_naive","CL_0002057","monocyte","naive","91","tx"
"507","QTS000026","QTD000507","Schmiedel_2018","monocyte_naive","CL_0002057","monocyte","naive","91","txrev"
"508","QTS000026","QTD000508","Schmiedel_2018","monocyte_naive","CL_0002057","monocyte","naive","91","leafcutter"
"509","QTS000026","QTD000509","Schmiedel_2018","NK-cell_naive","CL_0000623","NK cell","naive","90","ge"
"510","QTS000026","QTD000510","Schmiedel_2018","NK-cell_naive","CL_0000623","NK cell","naive","90","exon"
"511","QTS000026","QTD000511","Schmiedel_2018","NK-cell_naive","CL_0000623","NK cell","naive","90","tx"
"512","QTS000026","QTD000512","Schmiedel_2018","NK-cell_naive","CL_0000623","NK cell","naive","90","txrev"
"513","QTS000026","QTD000513","Schmiedel_2018","NK-cell_naive","CL_0000623","NK cell","naive","90","leafcutter"
"514","QTS000027","QTD000514","Schwartzentruber_2018","sensory_neuron","CL_0000101","sensory neuron","naive","98","ge"
"515","QTS000027","QTD000515","Schwartzentruber_2018","sensory_neuron","CL_0000101","sensory neuron","naive","98","exon"
"516","QTS000027","QTD000516","Schwartzentruber_2018","sensory_neuron","CL_0000101","sensory neuron","naive","98","tx"
"517","QTS000027","QTD000517","Schwartzentruber_2018","sensory_neuron","CL_0000101","sensory neuron","naive","98","txrev"
"518","QTS000027","QTD000518","Schwartzentruber_2018","sensory_neuron","CL_0000101","sensory neuron","naive","98","leafcutter"
"519","QTS000028","QTD000519","Steinberg_2020","synovium_naive","UBERON_0007616","synovium","naive","72","ge"
"520","QTS000028","QTD000520","Steinberg_2020","synovium_naive","UBERON_0007616","synovium","naive","72","exon"
"521","QTS000028","QTD000521","Steinberg_2020","synovium_naive","UBERON_0007616","synovium","naive","72","tx"
"522","QTS000028","QTD000522","Steinberg_2020","synovium_naive","UBERON_0007616","synovium","naive","72","txrev"
"523","QTS000028","QTD000523","Steinberg_2020","synovium_naive","UBERON_0007616","synovium","naive","72","leafcutter"
"524","QTS000028","QTD000524","Steinberg_2020","low_grade_cartilage_naive","UBERON_0002418","cartilage","naive","69","ge"
"525","QTS000028","QTD000525","Steinberg_2020","low_grade_cartilage_naive","UBERON_0002418","cartilage","naive","69","exon"
"526","QTS000028","QTD000526","Steinberg_2020","low_grade_cartilage_naive","UBERON_0002418","cartilage","naive","69","tx"
"527","QTS000028","QTD000527","Steinberg_2020","low_grade_cartilage_naive","UBERON_0002418","cartilage","naive","69","txrev"
"528","QTS000028","QTD000528","Steinberg_2020","low_grade_cartilage_naive","UBERON_0002418","cartilage","naive","69","leafcutter"
"529","QTS000028","QTD000529","Steinberg_2020","high_grade_cartilage_naive","UBERON_0002418","cartilage","naive","69","ge"
"530","QTS000028","QTD000530","Steinberg_2020","high_grade_cartilage_naive","UBERON_0002418","cartilage","naive","69","exon"
"531","QTS000028","QTD000531","Steinberg_2020","high_grade_cartilage_naive","UBERON_0002418","cartilage","naive","69","tx"
"532","QTS000028","QTD000532","Steinberg_2020","high_grade_cartilage_naive","UBERON_0002418","cartilage","naive","69","txrev"
"533","QTS000028","QTD000533","Steinberg_2020","high_grade_cartilage_naive","UBERON_0002418","cartilage","naive","69","leafcutter"
"534","QTS000029","QTD000534","TwinsUK","fat","UBERON_0001013","adipose","naive","381","ge"
"535","QTS000029","QTD000535","TwinsUK","fat","UBERON_0001013","adipose","naive","381","exon"
"536","QTS000029","QTD000536","TwinsUK","fat","UBERON_0001013","adipose","naive","381","tx"
"537","QTS000029","QTD000537","TwinsUK","fat","UBERON_0001013","adipose","naive","381","txrev"
"538","QTS000029","QTD000538","TwinsUK","fat","UBERON_0001013","adipose","naive","381","leafcutter"
"539","QTS000029","QTD000539","TwinsUK","LCL","EFO_0005292","LCL","naive","418","ge"
"540","QTS000029","QTD000540","TwinsUK","LCL","EFO_0005292","LCL","naive","418","exon"
"541","QTS000029","QTD000541","TwinsUK","LCL","EFO_0005292","LCL","naive","418","tx"
"542","QTS000029","QTD000542","TwinsUK","LCL","EFO_0005292","LCL","naive","418","txrev"
"543","QTS000029","QTD000543","TwinsUK","LCL","EFO_0005292","LCL","naive","418","leafcutter"
"544","QTS000029","QTD000544","TwinsUK","skin","UBERON_0002097","skin","naive","370","ge"
"545","QTS000029","QTD000545","TwinsUK","skin","UBERON_0002097","skin","naive","370","exon"
"546","QTS000029","QTD000546","TwinsUK","skin","UBERON_0002097","skin","naive","370","tx"
"547","QTS000029","QTD000547","TwinsUK","skin","UBERON_0002097","skin","naive","370","txrev"
"548","QTS000029","QTD000548","TwinsUK","skin","UBERON_0002097","skin","naive","370","leafcutter"
"549","QTS000029","QTD000549","TwinsUK","blood","UBERON_0000178","blood","naive","195","ge"
"550","QTS000029","QTD000550","TwinsUK","blood","UBERON_0000178","blood","naive","195","exon"
"551","QTS000029","QTD000551","TwinsUK","blood","UBERON_0000178","blood","naive","195","tx"
"552","QTS000029","QTD000552","TwinsUK","blood","UBERON_0000178","blood","naive","195","txrev"
"553","QTS000029","QTD000553","TwinsUK","blood","UBERON_0000178","blood","naive","195","leafcutter"
"554","QTS000030","QTD000554","van_de_Bunt_2015","pancreatic_islet","UBERON_0000006","pancreatic islet","naive","117","ge"
"555","QTS000030","QTD000555","van_de_Bunt_2015","pancreatic_islet","UBERON_0000006","pancreatic islet","naive","117","exon"
"556","QTS000030","QTD000556","van_de_Bunt_2015","pancreatic_islet","UBERON_0000006","pancreatic islet","naive","117","tx"
"557","QTS000030","QTD000557","van_de_Bunt_2015","pancreatic_islet","UBERON_0000006","pancreatic islet","naive","117","txrev"
"558","QTS000030","QTD000558","van_de_Bunt_2015","pancreatic_islet","UBERON_0000006","pancreatic islet","naive","117","leafcutter"
"559","QTS000031","QTD000559","Young_2019","microglia_naive","CL_0000129","microglia","naive","104","ge"
"560","QTS000031","QTD000560","Young_2019","microglia_naive","CL_0000129","microglia","naive","104","exon"
"561","QTS000031","QTD000561","Young_2019","microglia_naive","CL_0000129","microglia","naive","104","tx"
"562","QTS000031","QTD000562","Young_2019","microglia_naive","CL_0000129","microglia","naive","104","txrev"
"563","QTS000031","QTD000563","Young_2019","microglia_naive","CL_0000129","microglia","naive","104","leafcutter"
"564","QTS000032","QTD000564","Aygun_2021","Progenitor","CL_0011020","neural progenitor","naive","85","ge"
"565","QTS000032","QTD000565","Aygun_2021","Progenitor","CL_0011020","neural progenitor","naive","85","exon"
"566","QTS000032","QTD000566","Aygun_2021","Progenitor","CL_0011020","neural progenitor","naive","85","tx"
"567","QTS000032","QTD000567","Aygun_2021","Progenitor","CL_0011020","neural progenitor","naive","85","txrev"
"568","QTS000032","QTD000568","Aygun_2021","Progenitor","CL_0011020","neural progenitor","naive","85","leafcutter"
"569","QTS000032","QTD000569","Aygun_2021","Neuron","CL_0000540","neuron","naive","73","ge"
"570","QTS000032","QTD000570","Aygun_2021","Neuron","CL_0000540","neuron","naive","73","exon"
"571","QTS000032","QTD000571","Aygun_2021","Neuron","CL_0000540","neuron","naive","73","tx"
"572","QTS000032","QTD000572","Aygun_2021","Neuron","CL_0000540","neuron","naive","73","txrev"
"573","QTS000032","QTD000573","Aygun_2021","Neuron","CL_0000540","neuron","naive","73","leafcutter"
"574","QTS000033","QTD000574","PISA","pancreatic_islet","UBERON_0000006","pancreatic islet","naive","127","ge"
"575","QTS000033","QTD000575","PISA","pancreatic_islet","UBERON_0000006","pancreatic islet","naive","127","exon"
"576","QTS000033","QTD000576","PISA","pancreatic_islet","UBERON_0000006","pancreatic islet","naive","127","tx"
"577","QTS000033","QTD000577","PISA","pancreatic_islet","UBERON_0000006","pancreatic islet","naive","127","txrev"
"578","QTS000033","QTD000578","PISA","pancreatic_islet","UBERON_0000006","pancreatic islet","naive","127","leafcutter"
"579","QTS000034","QTD000579","Walker_2019","Neocortex","UBERON_0001950","neocortex","naive","211","ge"
"580","QTS000034","QTD000580","Walker_2019","Neocortex","UBERON_0001950","neocortex","naive","211","exon"
"581","QTS000034","QTD000581","Walker_2019","Neocortex","UBERON_0001950","neocortex","naive","211","tx"
"582","QTS000034","QTD000582","Walker_2019","Neocortex","UBERON_0001950","neocortex","naive","211","txrev"
"583","QTS000034","QTD000583","Walker_2019","Neocortex","UBERON_0001950","neocortex","naive","211","leafcutter"
"584","QTS000035","QTD000584","Sun_2018","plasma","UBERON_0001969","plasma","naive","3301","aptamer"
"585","QTS000036","QTD000585","Randolph_2021","B_NI","CL_0000236","B cell","naive","89","ge"
"586","QTS000036","QTD000586","Randolph_2021","B_flu","CL_0000236","B cell","Influenza_6h","89","ge"
"587","QTS000036","QTD000587","Randolph_2021","CD4_T_NI","CL_0000624","CD4+ T cell","naive","89","ge"
"588","QTS000036","QTD000588","Randolph_2021","CD4_T_flu","CL_0000624","CD4+ T cell","Influenza_6h","89","ge"
"589","QTS000036","QTD000589","Randolph_2021","CD8_T_NI","CL_0000625","CD8+ T cell","naive","89","ge"
"590","QTS000036","QTD000590","Randolph_2021","CD8_T_flu","CL_0000625","CD8+ T cell","Influenza_6h","89","ge"
"591","QTS000036","QTD000591","Randolph_2021","NK_NI","CL_0000623","NK cell","naive","89","ge"
"592","QTS000036","QTD000592","Randolph_2021","NK_flu","CL_0000623","NK cell","Influenza_6h","89","ge"
"593","QTS000036","QTD000593","Randolph_2021","highly_infected_flu","CL_0002057","monocyte","Influenza_6h","89","ge"
"594","QTS000036","QTD000594","Randolph_2021","infected_monocytes_flu","CL_0002057","monocyte","Influenza_6h","88","ge"
"595","QTS000036","QTD000595","Randolph_2021","monocytes_NI","CL_0002057","monocyte","naive","89","ge"
"596","QTS000036","QTD000596","Randolph_2021","monocytes_flu","CL_0002057","monocyte","Influenza_6h","89","ge"
"597","QTS000037","QTD000597","Perez_2022","B","CL_0000236","B cell","naive","191","ge"
"598","QTS000037","QTD000598","Perez_2022","NK","CL_0000623","NK cell","naive","193","ge"
"599","QTS000037","QTD000599","Perez_2022","Prolif","CL_0000623","NK cell","naive","193","ge"
"600","QTS000037","QTD000600","Perez_2022","T4","CL_0000624","CD4+ T cell","naive","193","ge"
"601","QTS000037","QTD000601","Perez_2022","T8","CL_0000625","CD8+ T cell","naive","193","ge"
"602","QTS000037","QTD000602","Perez_2022","cDC","CL_0000451","dendritic cell","naive","191","ge"
"603","QTS000037","QTD000603","Perez_2022","cM","CL_0002057","monocyte","naive","193","ge"
"604","QTS000037","QTD000604","Perez_2022","ncM","CL_0002396","CD16+ monocyte","naive","193","ge"
"605","QTS000037","QTD000605","Perez_2022","pDC","CL_0000784","plasmacytoid dendritic cell","naive","190","ge"
"606","QTS000038","QTD000606","OneK1K","B_intermediate","CL_0000236","B cell","naive","977","ge"
"607","QTS000038","QTD000607","OneK1K","B_memory","CL_0000787","memory B cell","naive","981","ge"
"608","QTS000038","QTD000608","OneK1K","B_naive","CL_0000236","B cell","naive","980","ge"
"609","QTS000038","QTD000609","OneK1K","CD14_Mono","CL_0002057","monocyte","naive","959","ge"
"610","QTS000038","QTD000610","OneK1K","CD16_Mono","CL_0002396","CD16+ monocyte","naive","930","ge"
"611","QTS000038","QTD000611","OneK1K","CD4_CTL","CL_0000934","CD4+ CTL cell","naive","946","ge"
"612","QTS000038","QTD000612","OneK1K","CD4_Naive","CL_0000624","CD4+ T cell","naive","981","ge"
"613","QTS000038","QTD000613","OneK1K","CD4_TCM","CL_0000904","CD4+ TCM cell","naive","981","ge"
"614","QTS000038","QTD000614","OneK1K","CD4_TEM","CL_0000905","CD4+ TEM cell","naive","981","ge"
"615","QTS000038","QTD000615","OneK1K","CD8_Naive","CL_0000625","CD8+ T cell","naive","980","ge"
"616","QTS000038","QTD000616","OneK1K","CD8_TCM","CL_0000907","CD8+ TCM cell","naive","977","ge"
"617","QTS000038","QTD000617","OneK1K","CD8_TEM","CL_0000913","CD8+ TEM cell","naive","981","ge"
"618","QTS000038","QTD000618","OneK1K","HSPC","CL_0008001","hematopoietic precursor cell","naive","705","ge"
"619","QTS000038","QTD000619","OneK1K","MAIT","CL_0000940","MAIT cell","naive","900","ge"
"620","QTS000038","QTD000620","OneK1K","NK","CL_0000623","NK cell","naive","981","ge"
"621","QTS000038","QTD000621","OneK1K","NK_CD56bright","CL_0000938","CD56+ NK cell","naive","952","ge"
"622","QTS000038","QTD000622","OneK1K","NK_Proliferating","CL_0000623","NK cell","naive","696","ge"
"623","QTS000038","QTD000623","OneK1K","Plasmablast","CL_0000980","plasmablast","naive","795","ge"
"624","QTS000038","QTD000624","OneK1K","Platelet","CL_0000233","platelet","naive","534","ge"
"625","QTS000038","QTD000625","OneK1K","Treg","CL_0002677","Treg memory","naive","981","ge"
"626","QTS000038","QTD000626","OneK1K","cDC2","CL_0000451","dendritic cell","naive","869","ge"
"627","QTS000038","QTD000627","OneK1K","dnT","CL_0002489","dnT cell","naive","678","ge"
"628","QTS000038","QTD000628","OneK1K","gdT","CL_0000798","gdT cell","naive","975","ge"
"629","QTS000038","QTD000629","OneK1K","pDC","CL_0000784","plasmacytoid dendritic cell","naive","639","ge"
"630","QTS000039","QTD000630","Jerber_2021","NB_Naive_D11","BTO_0000930","neuroblast","naive_D11","149","ge"
"631","QTS000039","QTD000631","Jerber_2021","U_Neur1_ROT_D52","CL_0000540","neuron","rotenone_D52","152","ge"
"632","QTS000039","QTD000632","Jerber_2021","P_FPP_ROT_D52","UBERON_0003079","floor plate progenitor","rotenone_D52","157","ge"
"633","QTS000039","QTD000633","Jerber_2021","DA_ROT_D52","CL_0000700","dopaminergic neuron","rotenone_D52","186","ge"
"634","QTS000039","QTD000634","Jerber_2021","Epen1_ROT_D52","CL_0000065","ependymal cell","rotenone_D52","190","ge"
"635","QTS000039","QTD000635","Jerber_2021","P_FPP_Naive_D30","UBERON_0003079","floor plate progenitor","naive_D30","163","ge"
"636","QTS000039","QTD000636","Jerber_2021","U_Neur1_Naive_D30","CL_0000540","neuron","naive_D30","154","ge"
"637","QTS000039","QTD000637","Jerber_2021","FPP_Naive_D11","UBERON_0003079","floor plate progenitor","naive_D11","174","ge"
"638","QTS000039","QTD000638","Jerber_2021","FPP_Naive_D30","UBERON_0003079","floor plate progenitor","naive_D30","165","ge"
"639","QTS000039","QTD000639","Jerber_2021","P_Sert_Naive_D52","CL_0000850","serotonergic neuron","naive_D52","126","ge"
"640","QTS000039","QTD000640","Jerber_2021","Astro_Naive_D52","CL_0000127","astrocyte","naive_D52","181","ge"
"641","QTS000039","QTD000641","Jerber_2021","Epen2_Naive_D52","CL_0000065","ependymal cell","naive_D52","146","ge"
"642","QTS000039","QTD000642","Jerber_2021","FPP_Naive_D52","UBERON_0003079","floor plate progenitor","naive_D52","191","ge"
"643","QTS000039","QTD000643","Jerber_2021","Sert_Naive_D52","CL_0000850","serotonergic neuron","naive_D52","188","ge"
"644","QTS000039","QTD000644","Jerber_2021","P_FPP_Naive_D11","UBERON_0003079","floor plate progenitor","naive_D11","172","ge"
"645","QTS000039","QTD000645","Jerber_2021","Astro_ROT_D52","CL_0000127","astrocyte","rotenone_D52","172","ge"
"646","QTS000039","QTD000646","Jerber_2021","FPP_ROT_D52","UBERON_0003079","floor plate progenitor","rotenone_D52","190","ge"
"647","QTS000039","QTD000647","Jerber_2021","U_Neur3_ROT_D52","CL_0000540","neuron","rotenone_D52","173","ge"
"648","QTS000039","QTD000648","Jerber_2021","Sert_ROT_D52","CL_0000850","serotonergic neuron","rotenone_D52","188","ge"
"649","QTS000039","QTD000649","Jerber_2021","Epen1_Naive_D30","CL_0000065","ependymal cell","naive_D30","156","ge"
"650","QTS000039","QTD000650","Jerber_2021","P_FPP_Naive_D52","UBERON_0003079","floor plate progenitor","naive_D52","175","ge"
"651","QTS000039","QTD000651","Jerber_2021","Sert_Naive_D30","CL_0000850","serotonergic neuron","naive_D30","165","ge"
"652","QTS000039","QTD000652","Jerber_2021","U_Neur1_Naive_D52","CL_0000540","neuron","naive_D52","172","ge"
"653","QTS000039","QTD000653","Jerber_2021","Epen2_ROT_D52","CL_0000065","ependymal cell","rotenone_D52","128","ge"
"654","QTS000039","QTD000654","Jerber_2021","U_Neur2_Naive_D30","CL_0000540","neuron","naive_D30","72","ge"
"655","QTS000039","QTD000655","Jerber_2021","P_Sert_ROT_D52","CL_0000850","serotonergic neuron","rotenone_D52","93","ge"
"656","QTS000039","QTD000656","Jerber_2021","U_Neur3_Naive_D52","CL_0000540","neuron","naive_D52","180","ge"
"657","QTS000039","QTD000657","Jerber_2021","DA_Naive_D30","CL_0000700","dopaminergic neuron","naive_D30","166","ge"
"658","QTS000039","QTD000658","Jerber_2021","Epen1_Naive_D52","CL_0000065","ependymal cell","naive_D52","191","ge"
"659","QTS000039","QTD000659","Jerber_2021","DA_Naive_D52","CL_0000700","dopaminergic neuron","naive_D52","194","ge"
"660","QTS000040","QTD000660","Nathan_2022","CD4+_CCR4+ICOS+_central","CL_0000624","CD4+ T cell","naive","249","ge"
"661","QTS000040","QTD000661","Nathan_2022","CD4+_central","CL_0000624","CD4+ T cell","naive","249","ge"
"662","QTS000040","QTD000662","Nathan_2022","CD4+_CCR5+_cytotoxic","CL_0000624","CD4+ T cell","naive","245","ge"
"663","QTS000040","QTD000663","Nathan_2022","CD4+_CD161+_cytotoxic","CL_0000624","CD4+ T cell","naive","248","ge"
"664","QTS000040","QTD000664","Nathan_2022","CD8+_GZMK+","CL_0000624","CD4+ T cell","naive","247","ge"
"665","QTS000040","QTD000665","Nathan_2022","CD8+_GZMB+","CL_0000624","CD4+ T cell","naive","249","ge"
"666","QTS000040","QTD000666","Nathan_2022","CD4+_activated","CL_0000624","CD4+ T cell","naive","248","ge"
"667","QTS000040","QTD000667","Nathan_2022","Vd2","CL_0000624","CD4+ T cell","naive","249","ge"
"668","QTS000040","QTD000668","Nathan_2022","CD4+_CD161+_Th2","CL_0000624","CD4+ T cell","naive","249","ge"
"669","QTS000040","QTD000669","Nathan_2022","CD4-8+_PD-1+TIGIT+","CL_0000624","CD4+ T cell","naive","249","ge"
"670","QTS000040","QTD000670","Nathan_2022","Vd1","CL_0000624","CD4+ T cell","naive","110","ge"
"671","QTS000040","QTD000671","Nathan_2022","CD8+_central","CL_0000624","CD4+ T cell","naive","247","ge"
"672","QTS000040","QTD000672","Nathan_2022","CD4+_CD161+_Th1","CL_0000624","CD4+ T cell","naive","249","ge"
"673","QTS000040","QTD000673","Nathan_2022","CD4+_Th17-1","CL_0000624","CD4+ T cell","naive","249","ge"
"674","QTS000040","QTD000674","Nathan_2022","CD4+_HLA-DR+","CL_0000624","CD4+ T cell","naive","249","ge"
"675","QTS000040","QTD000675","Nathan_2022","CD4+_CCR4+_central","CL_0000624","CD4+ T cell","naive","248","ge"
"676","QTS000040","QTD000676","Nathan_2022","CD8+_CXCR3+","CL_0000624","CD4+ T cell","naive","244","ge"
"677","QTS000040","QTD000677","Nathan_2022","CD4+_Th2","CL_0000624","CD4+ T cell","naive","249","ge"
"678","QTS000040","QTD000678","Nathan_2022","CD4+_CCR4+","CL_0000624","CD4+ T cell","naive","248","ge"
"679","QTS000040","QTD000679","Nathan_2022","CD4+_CD38+ICOS+_central","CL_0000624","CD4+ T cell","naive","245","ge"
"680","QTS000040","QTD000680","Nathan_2022","CD4+_cytotoxic","CL_0000624","CD4+ T cell","naive","249","ge"
"681","QTS000040","QTD000681","Nathan_2022","CD4+_CD27+CD161+","CL_0000624","CD4+ T cell","naive","249","ge"
"682","QTS000040","QTD000682","Nathan_2022","CD4+_RORC+_Treg","CL_0000624","CD4+ T cell","naive","248","ge"
"683","QTS000040","QTD000683","Nathan_2022","CD4+_Th1","CL_0000624","CD4+ T cell","naive","249","ge"
"684","QTS000040","QTD000684","Nathan_2022","CD8+_activated","CL_0000624","CD4+ T cell","naive","232","ge"
"685","QTS000040","QTD000685","Nathan_2022","CD4+_CD27+","CL_0000624","CD4+ T cell","naive","249","ge"
"686","QTS000040","QTD000686","Nathan_2022","CD4+_lncRNA","CL_0000624","CD4+ T cell","naive","249","ge"
"687","QTS000040","QTD000687","Nathan_2022","CD4+_Treg","CL_0000624","CD4+ T cell","naive","249","ge"
"688","QTS000040","QTD000688","Nathan_2022","CD4+_Th17","CL_0000624","CD4+ T cell","naive","249","ge"
"689","QTS000041","QTD000689","Cytoimmgen","combined_CD4_Naive_UNS_16H","CL_0000624","CD4+ T cell","naive","105","ge"
"690","QTS000041","QTD000690","Cytoimmgen","combined_CD4_Naive_STIM_40H","CL_0000624","CD4+ T cell","anti-CD3-CD28_40h","94","ge"
"691","QTS000041","QTD000691","Cytoimmgen","combined_CD4_Memory_STIM_40H","CL_0000897","CD4+ memory T cell","anti-CD3-CD28_40h","94","ge"
"692","QTS000041","QTD000692","Cytoimmgen","combined_CD4_Memory_STIM_5D","CL_0000897","CD4+ memory T cell","anti-CD3-CD28_5D","93","ge"
"693","QTS000041","QTD000693","Cytoimmgen","combined_CD4_Naive_STIM_16H","CL_0000624","CD4+ T cell","anti-CD3-CD28_16h","99","ge"
"694","QTS000041","QTD000694","Cytoimmgen","combined_CD4_Memory_UNS_16H","CL_0000897","CD4+ memory T cell","naive","106","ge"
"695","QTS000041","QTD000695","Cytoimmgen","combined_CD4_Memory_STIM_16H","CL_0000897","CD4+ memory T cell","anti-CD3-CD28_16h","95","ge"
"696","QTS000041","QTD000696","Cytoimmgen","combined_CD4_Naive_STIM_5D","CL_0000624","CD4+ T cell","anti-CD3-CD28_5D","88","ge"
"697","QTS000041","QTD000697","Cytoimmgen","TN1_UNS_16H","CL_0000624","CD4+ T cell","naive","106","ge"
"698","QTS000041","QTD000698","Cytoimmgen","TEM_STIM_16H","CL_0000624","CD4+ T cell","anti-CD3-CD28_16h","97","ge"
"699","QTS000041","QTD000699","Cytoimmgen","TEMRA_STIM_5D","CL_0000624","CD4+ T cell","anti-CD3-CD28_5D","92","ge"
"700","QTS000041","QTD000700","Cytoimmgen","TN_IFN_Lowly_Active_STIM_40H","CL_0000624","CD4+ T cell","anti-CD3-CD28_40h","75","ge"
"701","QTS000041","QTD000701","Cytoimmgen","TEM_STIM_5D","CL_0000624","CD4+ T cell","anti-CD3-CD28_5D","94","ge"
"702","QTS000041","QTD000702","Cytoimmgen","TN2_Lowly_Active_STIM_16H","CL_0000624","CD4+ T cell","anti-CD3-CD28_16h","99","ge"
"703","QTS000041","QTD000703","Cytoimmgen","nTreg_STIM_40H","CL_0000624","CD4+ T cell","anti-CD3-CD28_40h","93","ge"
"704","QTS000041","QTD000704","Cytoimmgen","TEM_STIM_40H","CL_0000624","CD4+ T cell","anti-CD3-CD28_40h","95","ge"
"705","QTS000041","QTD000705","Cytoimmgen","TCM1_Lowly_Active_STIM_40H","CL_0000624","CD4+ T cell","anti-CD3-CD28_40h","72","ge"
"706","QTS000041","QTD000706","Cytoimmgen","TN_STIM_5D","CL_0000624","CD4+ T cell","anti-CD3-CD28_5D","94","ge"
"707","QTS000041","QTD000707","Cytoimmgen","TCM_UNS_16H","CL_0000624","CD4+ T cell","naive","106","ge"
"708","QTS000041","QTD000708","Cytoimmgen","TCM_STIM_40H","CL_0000624","CD4+ T cell","anti-CD3-CD28_40h","94","ge"
"709","QTS000041","QTD000709","Cytoimmgen","TEM_HLA+_STIM_40H","CL_0000624","CD4+ T cell","anti-CD3-CD28_40h","94","ge"
"710","QTS000041","QTD000710","Cytoimmgen","TN_A_STIM_40H","CL_0000624","CD4+ T cell","anti-CD3-CD28_40h","95","ge"
"711","QTS000041","QTD000711","Cytoimmgen","TN_HSP_STIM_5D","CL_0000624","CD4+ T cell","anti-CD3-CD28_5D","94","ge"
"712","QTS000041","QTD000712","Cytoimmgen","TN_A_STIM_16H","CL_0000624","CD4+ T cell","anti-CD3-CD28_16h","100","ge"
"713","QTS000041","QTD000713","Cytoimmgen","T_NFKB_STIM_16H","CL_0000624","CD4+ T cell","anti-CD3-CD28_16h","100","ge"
"714","QTS000041","QTD000714","Cytoimmgen","TN3_UNS_16H","CL_0000624","CD4+ T cell","naive","106","ge"
"715","QTS000041","QTD000715","Cytoimmgen","TCM1_Lowly_Active_STIM_16H","CL_0000624","CD4+ T cell","anti-CD3-CD28_16h","99","ge"
"716","QTS000041","QTD000716","Cytoimmgen","TCM_STIM_5D","CL_0000624","CD4+ T cell","anti-CD3-CD28_5D","94","ge"
"717","QTS000041","QTD000717","Cytoimmgen","TN_NFKB_STIM_5D","CL_0000624","CD4+ T cell","anti-CD3-CD28_5D","94","ge"
"718","QTS000041","QTD000718","Cytoimmgen","TN_B_STIM_16H","CL_0000624","CD4+ T cell","anti-CD3-CD28_16h","100","ge"
"719","QTS000041","QTD000719","Cytoimmgen","TEMRA_UNS_16H","CL_0000624","CD4+ T cell","naive","103","ge"
"720","QTS000041","QTD000720","Cytoimmgen","TN2_UNS_16H","CL_0000624","CD4+ T cell","naive","106","ge"
"721","QTS000041","QTD000721","Cytoimmgen","nTreg_STIM_16H","CL_0000624","CD4+ T cell","anti-CD3-CD28_16h","98","ge"
"722","QTS000041","QTD000722","Cytoimmgen","TN1_Lowly_Active_STIM_40H","CL_0000624","CD4+ T cell","anti-CD3-CD28_40h","79","ge"
"723","QTS000041","QTD000723","Cytoimmgen","TN2_STIM_16H","CL_0000624","CD4+ T cell","anti-CD3-CD28_16h","100","ge"
"724","QTS000041","QTD000724","Cytoimmgen","TEM_Lowly_Active_STIM_40H","CL_0000624","CD4+ T cell","anti-CD3-CD28_40h","95","ge"
"725","QTS000041","QTD000725","Cytoimmgen","TN3_Lowly_Active_STIM_16H","CL_0000624","CD4+ T cell","anti-CD3-CD28_16h","80","ge"
"726","QTS000041","QTD000726","Cytoimmgen","TCM_STIM_16H","CL_0000624","CD4+ T cell","anti-CD3-CD28_16h","100","ge"
"727","QTS000041","QTD000727","Cytoimmgen","TN_cycling_STIM_5D","CL_0000624","CD4+ T cell","anti-CD3-CD28_5D","94","ge"
"728","QTS000041","QTD000728","Cytoimmgen","TN_IFN_STIM_5D","CL_0000624","CD4+ T cell","anti-CD3-CD28_5D","94","ge"
"729","QTS000041","QTD000729","Cytoimmgen","TM_cycling_STIM_5D","CL_0000624","CD4+ T cell","anti-CD3-CD28_5D","94","ge"
"730","QTS000041","QTD000730","Cytoimmgen","TEM_HLA+_STIM_5D","CL_0000624","CD4+ T cell","anti-CD3-CD28_5D","93","ge"
"731","QTS000041","QTD000731","Cytoimmgen","TEMRA_STIM_16H","CL_0000624","CD4+ T cell","anti-CD3-CD28_16h","96","ge"
"732","QTS000041","QTD000732","Cytoimmgen","TM_ER-stress_STIM_40H","CL_0000624","CD4+ T cell","anti-CD3-CD28_40h","93","ge"
"733","QTS000041","QTD000733","Cytoimmgen","TN1_STIM_40H","CL_0000624","CD4+ T cell","anti-CD3-CD28_40h","95","ge"
"734","QTS000041","QTD000734","Cytoimmgen","TEM_UNS_16H","CL_0000624","CD4+ T cell","naive","106","ge"
"735","QTS000041","QTD000735","Cytoimmgen","TN2_STIM_40H","CL_0000624","CD4+ T cell","anti-CD3-CD28_40h","95","ge"
"736","QTS000041","QTD000736","Cytoimmgen","TEMRA_Lowly_Active_STIM_16H","CL_0000624","CD4+ T cell","anti-CD3-CD28_16h","91","ge"
"737","QTS000041","QTD000737","Cytoimmgen","TN_IFN_STIM_40H","CL_0000624","CD4+ T cell","anti-CD3-CD28_40h","95","ge"
"738","QTS000041","QTD000738","Cytoimmgen","TN_cycling_STIM_40H","CL_0000624","CD4+ T cell","anti-CD3-CD28_40h","95","ge"
"739","QTS000041","QTD000739","Cytoimmgen","TN_NFKB_STIM_40H","CL_0000624","CD4+ T cell","anti-CD3-CD28_40h","89","ge"
"740","QTS000041","QTD000740","Cytoimmgen","TCM2_Lowly_Active_STIM_16H","CL_0000624","CD4+ T cell","anti-CD3-CD28_16h","97","ge"
"741","QTS000041","QTD000741","Cytoimmgen","TN_C_STIM_16H","CL_0000624","CD4+ T cell","anti-CD3-CD28_16h","100","ge"
"742","QTS000041","QTD000742","Cytoimmgen","TEM_Lowly_Active_STIM_16H","CL_0000624","CD4+ T cell","anti-CD3-CD28_16h","100","ge"
"743","QTS000041","QTD000743","Cytoimmgen","T_ER-stress_STIM_5D","CL_0000624","CD4+ T cell","anti-CD3-CD28_5D","94","ge"
"744","QTS000041","QTD000744","Cytoimmgen","TCM2_Lowly_Active_STIM_40H","CL_0000624","CD4+ T cell","anti-CD3-CD28_40h","93","ge"
"745","QTS000041","QTD000745","Cytoimmgen","TN_IFN_STIM_16H","CL_0000624","CD4+ T cell","anti-CD3-CD28_16h","77","ge"
"746","QTS000041","QTD000746","Cytoimmgen","HSP_STIM_16H","CL_0000624","CD4+ T cell","anti-CD3-CD28_16h","100","ge"
"747","QTS000041","QTD000747","Cytoimmgen","nTreg_UNS_16H","CL_0000624","CD4+ T cell","naive","106","ge"
"748","QTS000041","QTD000748","Cytoimmgen","TN_IFN_Lowly_Active_STIM_16H","CL_0000624","CD4+ T cell","anti-CD3-CD28_16h","89","ge"
"749","QTS000041","QTD000749","Cytoimmgen","TN-TCM_CXCR4+_STIM_40H","CL_0000624","CD4+ T cell","anti-CD3-CD28_40h","93","ge"
"750","QTS000041","QTD000750","Cytoimmgen","TEMRA_STIM_40H","CL_0000624","CD4+ T cell","anti-CD3-CD28_40h","91","ge"
"751","QTS000041","QTD000751","Cytoimmgen","TN1_Lowly_Active_STIM_16H","CL_0000624","CD4+ T cell","anti-CD3-CD28_16h","97","ge"
"752","QTS000042","QTD000752","Kim-Hellmuth_2017","monocyte_naive","CL_0002057","monocyte","naive","96","microarray"
"753","QTS000042","QTD000753","Kim-Hellmuth_2017","monocyte_IVT_6h","CL_0002057","monocyte","IVT_6h","96","microarray"
"754","QTS000042","QTD000754","Kim-Hellmuth_2017","monocyte_IVT_90min","CL_0002057","monocyte","IVT_90min","96","microarray"
"755","QTS000042","QTD000755","Kim-Hellmuth_2017","monocyte_LPS_6h","CL_0002057","monocyte","LPS_6h","96","microarray"
"756","QTS000042","QTD000756","Kim-Hellmuth_2017","monocyte_LPS_90min","CL_0002057","monocyte","LPS_90min","96","microarray"
"757","QTS000042","QTD000757","Kim-Hellmuth_2017","monocyte_MDP_6h","CL_0002057","monocyte","MDP_6h","96","microarray"
"758","QTS000042","QTD000758","Kim-Hellmuth_2017","monocyte_MDP_90min","CL_0002057","monocyte","MDP_90min","96","microarray"
